-70;-10;-10;0;-100;-100;-10;10
-60;-20;-50;-20;270;420;30;50
50;0;-10;-20;20;-90;10;50
310;40;20;-20;380;140;20;70
-40;-40;30;30;-250;-460;-10;30
-80;-30;-10;0;140;50;-40;-60
-100;-70;20;-10;-140;-90;0;40
30;50;-10;-30;-30;120;-30;-10
-10;-50;-40;-40;220;430;-30;-150
-60;-20;0;10;140;160;20;-50
-140;-40;-50;-20;70;220;60;10
100;40;60;70;-210;-590;20;-60
240;60;-30;-20;120;270;40;220
500;30;-50;-30;160;180;-20;50
-30;0;0;-10;-410;-120;-10;-30
110;20;10;-20;-60;-130;-40;0
-30;20;20;20;-20;-230;20;20
-190;-10;20;-10;-180;40;-40;-40
-110;-70;-60;-50;170;320;10;-20
0;-30;-30;10;160;310;-10;60
150;10;-10;-20;60;-90;0;50
80;10;-30;-60;190;470;40;70
80;40;-30;-10;10;-20;-20;30
140;50;20;10;-120;-260;-10;-60
120;-50;0;10;-50;-310;-40;60
-100;30;-30;-10;30;210;10;-80
80;20;0;0;-80;-20;-10;0
-10;10;-30;-50;120;380;-20;-90
-30;-20;0;-30;-220;-220;10;230
-60;20;10;-10;-10;70;-10;-60
-110;-30;-30;-20;450;210;-30;-40
-190;10;-20;0;-120;-60;-10;-50
10;10;20;-10;-190;-230;-30;-20
-20;0;10;10;-30;30;0;0
-40;20;20;10;-220;-160;-40;-30
-70;-60;-40;-20;180;170;-20;-90
30;10;0;-30;-60;-310;0;-10
80;-10;-20;-50;-20;110;-50;0
-20;20;30;20;-40;130;0;20
-140;-10;-20;-20;-190;-290;-40;-40
40;20;10;0;-40;10;0;-40
-50;-30;-40;-30;100;210;20;-10
-70;-30;20;10;-110;-70;-10;0
-50;10;-50;-40;230;340;-20;-170
270;20;-10;-20;-110;-60;20;160
-10;20;40;40;-520;-480;0;-10
-30;-30;-30;-40;10;-100;-50;-40
-270;-80;0;20;-140;-60;0;-100
150;50;-20;-20;90;200;-20;-110
-10;-10;-20;-30;-80;-30;-30;-60
90;-10;-20;-10;190;70;30;70
-30;-70;0;10;-340;-280;0;30
-80;60;0;-20;-110;-150;-40;40
80;70;80;80;-810;-790;10;60
80;-20;-20;-50;70;110;-10;110
0;10;-10;0;-110;10;-10;70
-280;-20;10;-10;170;50;20;-110
260;-40;0;10;220;300;10;-90
-150;-20;-10;10;160;-30;0;-100
110;-20;-30;0;10;20;-20;40
-20;0;10;20;-10;10;30;-60
150;70;0;0;-400;-470;10;110
-100;-20;10;-10;-130;-200;-10;-20
0;-30;-30;-30;20;100;0;50
-100;-30;20;20;-350;-570;-30;-40
-60;-30;-60;-70;-200;180;0;-40
-50;10;-20;0;-40;-50;0;100
0;70;0;30;-120;230;50;70
-40;-60;-90;-80;460;630;-20;-90
-190;-110;-40;-50;150;120;-20;10
10;20;30;0;-250;-650;-30;40
400;-50;-40;-70;-40;360;-20;40
10;20;-80;-80;260;450;-50;100
10;-60;-30;-10;60;-50;40;80
10;-20;-40;-40;50;130;-10;-30
-110;-50;-60;-20;100;220;-20;70
470;170;110;80;-160;-410;10;-130
110;0;-20;-30;-110;-150;-10;80
260;160;20;-10;-220;-210;-10;300
-160;-30;-20;-40;220;260;-10;-70
70;20;10;10;-450;-210;-100;-50
-70;20;0;-10;110;0;-30;-200
90;-10;-10;-20;-400;-410;30;110
-40;-70;-50;-40;280;310;-40;-240
-70;-40;-30;20;390;400;30;40
290;-20;-30;-50;60;140;-50;-30
-40;-100;-20;-40;280;350;10;10
0;40;40;30;-230;-470;0;40
-100;-10;70;30;-1000;-900;-50;40
0;20;20;100;-20;-230;40;150
-110;-10;-30;-40;70;-20;0;-40
-220;-30;-20;-10;-60;-30;-70;-180
40;-20;-20;-30;-120;-140;-10;-70
-30;30;30;10;-160;-360;-20;10
160;20;30;40;90;-80;-20;-40
110;0;-30;-70;40;300;-10;80
-170;-40;-40;-40;100;150;-20;-80
20;-30;-20;-20;190;210;-30;-10
-150;-10;-50;-50;50;320;-10;0
70;-30;-20;-40;430;680;50;-140
-290;0;10;30;0;-100;10;60
-20;-70;-60;-90;410;890;10;-160
10;40;0;20;90;30;-30;90
60;30;80;90;0;-280;-40;-20
-40;-40;-40;-50;300;450;20;-140
-180;50;20;40;-290;-360;-20;-80
-30;30;50;20;-560;-530;-10;50
-110;-70;-40;-40;350;460;0;-40
-40;-10;0;20;-80;-120;-20;-80
-60;10;-10;0;220;290;-20;-60
90;10;30;50;-170;-130;-40;30
40;-30;-60;-10;210;250;10;110
210;10;40;30;-560;-540;-60;160
40;0;10;-10;-350;-140;10;-50
90;50;50;30;-180;-330;10;-120
-360;-70;-50;-60;250;360;-50;-90
60;70;40;80;-120;180;10;100
120;60;10;30;350;-150;10;60
-120;40;70;90;-240;-540;0;-80
110;10;-40;-40;60;380;40;10
-160;-60;-30;0;-60;-180;10;20
-140;10;0;20;-160;-320;20;10
-210;-40;-30;-20;70;110;-30;-130
-190;-10;20;20;-230;-280;-20;250
-40;10;20;-10;-20;-430;-20;-10
40;10;40;50;-40;-330;-10;-50
30;-10;-20;-50;-280;-210;-20;-40
-80;-10;-10;-40;110;-130;-40;-120
90;30;40;10;-280;-290;90;260
-100;-50;-20;20;160;200;-60;-30
100;-20;-10;-30;20;250;-40;-190
-50;20;50;40;-280;-340;10;60
50;-50;-40;-30;120;90;-40;20
260;40;40;40;-300;-280;10;140
290;30;-10;0;0;120;-20;50
-250;-70;-40;-50;90;40;0;70
100;40;-10;0;190;50;0;10
-30;50;20;30;-370;-510;-90;-60
30;-30;-50;-50;160;530;10;-70
210;40;10;-10;100;-160;-30;70
60;40;50;70;-230;-450;-10;40
-60;80;50;60;-120;-270;50;240
350;30;10;40;-70;-80;-30;30
-60;-40;-40;-40;30;-150;-20;100
-180;-60;-20;10;120;140;-60;-120
0;40;-10;40;170;-100;30;-200
-130;20;-30;10;10;-70;-60;-160
0;40;20;0;110;-10;0;-80
10;-30;20;30;-200;-200;-40;-10
0;0;0;-30;20;290;-20;30
80;140;20;30;-240;-270;0;10
50;-60;10;-10;-40;50;-10;70
-300;20;10;-40;-150;-150;20;-10
-30;-50;-20;-40;70;180;-30;-30
50;-20;0;50;-180;-370;40;80
40;-20;0;-20;-180;-170;-20;-100
-30;0;-50;-40;420;730;10;20
-300;-150;-50;-50;160;250;-10;40
70;0;0;20;-200;-50;-50;-50
120;30;0;0;-110;-250;-40;90
-300;-120;-20;-10;180;50;0;-100
-120;-40;20;30;60;-120;40;-40
490;70;0;-20;-10;50;-10;50
-50;50;60;70;-230;-570;-40;40
-250;-50;10;130;70;120;-20;-30
-80;-10;-10;-40;190;-30;-10;-100
320;40;0;30;-280;-170;-10;20
80;-30;30;20;40;80;80;70
310;110;70;20;-560;-820;-30;0
-120;-30;0;-60;80;210;-30;-200
80;10;40;50;-40;-150;30;350
260;-50;0;20;-110;100;10;110
100;20;0;60;100;-140;0;10
-90;10;70;30;-100;-440;40;110
-180;-180;-40;-50;330;670;-30;-140
260;0;-30;-60;60;90;-40;-100
-310;20;20;70;-10;-90;-30;-150
-50;-50;-40;-30;380;90;-20;30
-190;-30;-20;10;270;350;-30;0
-180;-50;-40;-20;70;0;40;-40
140;80;30;-20;-290;-200;-70;-60
-30;-30;-10;0;-300;-150;10;20
-80;20;-30;20;340;210;-40;-110
210;0;10;-20;-70;-70;10;30
50;0;10;-10;-600;-310;-10;250
300;0;-30;0;-10;-60;40;200
90;10;20;20;-360;-120;10;-150
-190;-50;-30;-10;-30;-10;20;-10
-30;10;-30;-20;190;40;10;130
-130;-70;-30;-50;160;-20;-50;10
-30;-80;10;0;-390;-330;0;140
70;-30;20;10;-50;-20;-20;50
120;140;-50;-40;110;270;30;-60
40;-10;10;10;-140;-340;-10;-50
0;-240;-50;20;200;360;-40;-40
-130;10;-30;-70;120;290;10;-50
-90;0;-20;-30;0;-200;-10;0
70;-10;-50;-20;660;450;-20;-40
130;-20;-10;-40;100;370;10;50
-110;60;-10;0;180;-30;-50;-130
-230;-20;10;20;-410;-300;-30;-50
40;-40;-10;-20;-40;60;0;-20
-70;0;10;-20;310;40;-10;0
-130;-50;-80;-80;-110;0;20;50
290;-30;0;20;-60;150;0;-230
-20;30;0;0;-20;-90;20;210
-60;10;80;30;-480;-360;10;10
-40;-20;-60;10;450;670;-20;-100
150;40;10;20;-140;-360;-10;120
10;-40;-20;-20;-150;-130;10;-20
-50;10;20;10;170;40;-10;-50
120;20;0;0;60;-260;-20;20
-10;-40;-40;0;220;310;10;300
180;-10;-100;-90;470;680;40;-10
-40;-20;-10;-10;380;40;10;-10
-380;10;30;70;-290;-380;-70;-120
-290;-30;-40;-40;50;290;10;-210
240;40;30;10;-660;-510;10;50
10;-50;-50;0;530;490;40;240
10;-40;-20;-60;-200;200;-10;-30
120;-10;10;-20;-290;-380;-40;-40
70;-20;-20;-30;-250;-70;10;20
440;70;-10;-20;-170;-170;0;10
60;30;30;30;-120;70;-20;70
-90;-120;-50;-30;310;400;-10;-80
-20;-50;-40;-90;-390;-170;-70;-130
30;0;0;10;120;130;80;40
-60;-20;-20;-60;-10;110;10;-110
-30;-70;-120;-110;-140;170;-10;-30
-50;-90;0;-10;360;0;-50;-50
-50;-20;-60;-90;160;320;-120;0
-90;-40;0;20;-490;-490;40;70
-60;-10;10;90;-400;80;-10;-50
-120;0;-10;-20;-70;-200;-50;-40
300;0;-90;-100;40;230;0;90
-120;60;-40;-60;300;240;30;-40
700;40;0;0;100;180;20;140
-110;-80;-100;-100;430;910;-10;-40
-100;-30;0;0;-100;-100;10;30
-60;0;-30;-50;280;160;20;20
480;70;30;40;-120;-80;-40;60
-30;20;60;20;-670;-800;-40;30
-80;40;10;20;140;-20;10;-120
-220;-30;-20;-30;170;-30;-10;-50
40;130;90;130;10;-80;40;-40
-140;-60;-10;-30;150;100;70;-40
10;-10;-70;-50;530;370;-20;-20
80;-80;-50;-100;-60;60;0;-90
150;-50;-100;-120;440;880;30;-110
-140;20;50;-10;-1210;-550;-40;260
-310;0;20;-20;-390;-350;-50;80
-130;-60;-50;-100;270;0;-40;-30
300;-30;-10;0;240;-10;-60;-40
90;30;10;10;-80;-140;30;110
-130;0;-20;20;350;120;-90;-40
-10;-40;-80;-100;200;490;10;-60
-50;50;50;10;-300;-420;-30;-10
20;-20;-50;-110;-110;120;-20;10
-30;10;0;-30;-820;-210;60;-30
400;90;40;20;-30;-160;30;10
-10;60;-10;-30;340;300;20;-40
-10;50;20;-20;-120;-360;-10;60
0;20;0;0;120;40;10;40
-20;40;50;50;160;80;30;-10
860;60;20;20;100;-240;-40;90
-200;-50;40;10;-120;-50;-40;80
-10;-10;20;10;-140;40;10;20
-90;10;10;-10;-110;-180;30;120
-170;20;20;60;260;40;-30;-100
-100;-30;-20;-30;20;-20;-30;0
-340;-20;60;60;-500;-600;-80;-400
-80;-20;-10;-40;-40;-90;10;-10
-30;-70;0;30;550;130;10;-50
-120;-30;0;-10;-50;240;10;-10
20;0;-70;-60;550;200;10;-10
-20;-10;-10;10;260;130;10;-10
-50;20;20;40;-170;-120;-90;-80
-70;40;30;10;-180;-320;-20;-150
-20;20;70;50;-390;-470;70;30
-180;60;70;130;-130;-110;150;-80
200;20;-20;-20;-50;90;-60;10
-110;40;60;50;-490;-510;-40;-350
-70;-20;-10;-20;40;170;-10;-20
-130;-20;-30;-20;290;120;10;-110
-130;10;0;10;70;140;-10;80
-20;0;0;-10;40;110;-20;-190
120;-70;0;20;430;100;30;10
100;0;-20;0;0;-30;-10;-40
100;-10;-20;-20;-80;-60;0;20
-160;20;70;100;-430;-690;60;540
-50;-20;-10;30;310;370;-20;-190
40;-10;-60;-160;90;350;110;-240
270;-20;-40;-60;250;120;-10;170
-80;-30;-20;-10;0;100;-60;220
180;30;0;-10;280;50;40;120
70;20;-20;-10;240;150;-30;10
-360;-20;-30;-80;-220;-10;-70;-290
70;40;10;50;-420;-310;-130;-50
0;-50;0;0;-70;-160;-20;230
230;0;-20;-10;220;170;30;-40
610;50;-20;-10;-40;100;40;90
-130;-50;-50;-60;390;170;20;-70
-110;-40;20;-10;-220;-130;20;-110
90;-50;-50;-10;490;430;-20;-140
280;20;-20;-50;120;-30;-40;-60
270;50;30;0;-120;-70;-50;-80
10;10;0;0;70;180;90;360
10;10;-50;-20;270;270;-70;0
-110;-80;-20;-30;-70;-90;-50;-160
-100;20;0;0;-240;-160;-40;-90
-60;-40;-20;-10;-20;-70;10;10
10;-30;-30;-20;-60;70;-10;-100
-10;-10;-10;-40;110;160;-30;-20
-190;-60;-60;-60;230;300;-20;-100
230;-30;-40;-40;170;100;20;30
-50;10;20;40;70;-140;-10;40
110;60;20;30;-70;60;80;10
30;20;0;-50;-140;-270;-10;30
50;10;-20;-10;210;310;10;-180
-10;-40;-10;-10;-60;50;-10;-130
-100;-30;0;10;-90;-60;-10;-40
10;-30;-50;-20;250;180;-40;-20
-30;0;0;40;170;80;20;30
-40;-10;-50;-60;10;100;40;-10
-30;10;0;-20;-60;-90;-30;0
50;-40;-60;-50;450;420;-50;-60
-150;-10;20;30;-120;-160;-30;-20
80;0;-20;-20;50;270;0;-40
460;-10;40;70;20;-40;30;10
-120;-30;-10;10;-370;-250;-60;50
-140;0;10;-10;-130;-140;20;-160
-150;0;0;10;-210;50;20;-120
330;50;-10;-50;150;130;40;20
-110;-40;-30;-40;20;-80;20;70
-160;-30;-10;-40;210;30;-20;40
-30;0;-10;10;10;30;-30;40
20;-30;-190;-520;380;30;-20;-50
-50;-40;-50;10;180;490;20;20
20;-40;10;40;50;10;20;0
-340;-10;0;-10;160;-110;-50;-220
-20;20;-10;-10;120;230;-20;-20
20;-10;40;40;-480;-380;-10;-30
-170;70;80;80;200;-110;20;-20
10;0;30;-40;-170;-190;-80;-70
370;60;60;50;-860;-610;-60;120
-180;10;-40;-10;70;50;20;220
-220;-50;-30;-10;-10;190;50;-110
-100;-70;-50;-40;150;240;-30;-180
-170;-20;-30;-40;-730;-280;-10;-30
60;10;0;-20;80;-80;10;-40
270;-40;-50;-20;-70;120;-20;80
-110;-40;10;10;-70;-80;30;20
-310;-70;-90;-40;350;470;-20;-130
20;60;50;50;30;10;10;-40
380;20;20;-10;10;-90;-80;0
-90;-160;-20;-10;390;170;30;10
-230;10;-20;60;240;-90;-10;-160
330;10;-10;-50;-90;-50;20;190
20;10;-10;-10;-140;20;10;-20
0;0;0;-20;120;90;-50;20
-50;-30;-40;-30;-150;-40;10;-50
50;70;0;-10;300;20;0;80
220;70;-40;-20;10;320;-20;-50
80;20;-50;-60;-10;240;30;-100
10;-20;-20;-10;-50;-130;10;70
160;40;40;20;-500;-430;-20;0
-90;-40;-30;-40;-110;-310;-20;230
-140;10;10;0;270;200;-20;-60
170;50;30;40;-100;70;10;80
280;-20;-50;-50;140;380;60;30
-130;-20;-20;0;60;20;-60;-20
250;20;-20;-20;210;-90;0;-110
-110;-10;0;0;-220;-390;-60;-80
40;0;-10;-50;-150;-70;-20;120
-190;-50;-20;-20;-450;-220;-10;-40
50;10;50;40;-180;-380;-30;-100
30;10;-40;-20;130;140;-10;-20
-140;10;0;10;-170;-70;40;90
-410;20;-20;-30;180;120;0;-160
10;-40;-50;-80;50;220;-10;0
-90;-30;0;20;-40;-150;-20;-80
-10;50;-20;-50;60;220;10;130
-90;-40;10;20;20;60;10;-50
50;30;0;10;-80;-20;30;190
50;30;-40;-30;370;240;0;-90
130;10;50;40;-540;-550;-40;0
-120;-80;-50;-40;440;450;-20;-40
-70;-20;20;10;30;-170;-20;-30
-130;-20;20;60;90;-140;10;200
-30;-200;-110;-110;340;580;-20;-40
-170;-20;30;100;120;-120;-10;-50
-80;60;20;40;60;-30;0;-40
410;110;40;30;-640;-410;-50;70
170;40;-30;-30;170;110;20;30
-150;-30;-20;-10;70;160;0;-50
-90;-50;-30;-30;110;290;-10;20
150;-30;-30;-40;180;150;40;60
-30;20;90;120;-500;-610;-20;-100
120;0;30;0;20;-60;-50;-110
90;0;-50;-70;80;0;-10;60
-10;-20;30;-30;-560;-450;-10;40
-90;20;0;10;130;-80;10;40
90;-10;-20;-20;340;230;-40;-70
-120;-20;0;-20;-320;0;0;50
20;0;-40;-40;-220;-80;-40;-110
30;60;60;70;-200;-170;-30;-110
-40;40;0;10;-190;-100;10;10
230;30;-20;10;-50;-260;-30;50
-10;-120;-30;-30;350;180;20;30
70;20;30;20;-260;-180;10;30
-60;-40;-40;-30;10;360;-50;-20
30;-40;-40;-20;150;110;10;-110
-20;-20;-40;0;190;330;20;-70
20;40;20;30;-190;-210;-80;-60
80;0;-60;-10;-20;80;-50;-50
-180;-20;-10;10;-90;130;0;-20
80;0;80;70;-850;-610;-10;50
-90;-60;-30;-50;-180;-120;-40;-70
-10;-10;10;-10;100;-20;50;-20
350;100;80;60;-580;-440;50;140
40;-10;-10;-10;-110;20;-50;-70
60;40;10;0;120;90;20;-40
-290;-30;-70;-50;560;620;10;-90
20;60;-30;-20;120;30;30;80
10;-30;0;-10;320;230;40;50
20;10;-10;10;-170;80;-20;0
0;20;0;-30;-170;-180;0;10
-80;-50;-40;-10;170;40;-60;-40
-170;-70;10;10;0;0;-30;-200
-90;-10;0;-10;0;70;-10;80
-150;-10;-20;10;290;260;0;-50
-70;-10;-40;-20;-150;-130;10;80
70;-40;-20;-20;-20;-110;-40;60
20;-40;10;-10;-20;-90;10;110
160;-30;-30;-50;20;140;0;-50
-30;-60;-30;-40;70;90;10;90
70;0;-50;-40;150;320;20;-20
190;-10;60;40;20;-100;30;300
330;-20;70;40;-130;-290;-40;-60
-360;-10;0;40;-140;-420;-20;110
120;30;-20;10;70;-30;-60;-80
40;20;20;60;290;180;20;-40
40;0;-10;20;40;90;20;20
510;70;-10;-10;70;210;40;150
-150;-10;-10;-20;230;-120;10;50
10;0;-10;-10;250;180;-30;-60
-140;-120;-40;0;180;260;0;-60
-30;10;0;10;-290;-440;10;50
-10;40;10;10;-250;-320;-40;0
-50;0;-40;-30;-130;-130;0;-10
-70;10;-30;40;660;210;0;-80
-140;-60;-20;-20;-60;-110;-40;-90
60;-10;-40;-40;-70;170;-10;-40
-10;-70;-10;-40;170;40;10;-50
-450;-90;-30;0;100;80;20;-50
-130;-50;10;0;-450;-540;0;20
-50;0;10;-10;20;70;0;50
90;10;-30;-20;180;160;-30;10
260;50;-30;0;10;50;0;50
-70;10;0;-30;-150;-200;-30;-10
20;-20;-40;-20;410;410;0;-60
20;30;0;40;260;20;-50;30
50;40;60;60;-500;-580;10;20
-50;-10;-10;-30;90;110;10;30
-40;-50;-40;-40;-180;-240;-40;50
-120;-130;-40;-40;370;410;20;-40
-50;0;-20;-40;240;330;-30;-70
240;40;-10;-20;60;-190;20;-60
200;20;-30;-50;20;210;-40;-90
40;30;-50;-40;270;190;10;90
-250;-20;-10;-10;-160;-160;-30;-80
-40;0;-20;-30;180;270;20;60
-60;0;20;30;400;90;10;-40
0;10;10;20;-200;-130;0;60
170;80;20;60;320;-50;-20;10
-120;0;0;-30;-60;30;-30;-80
140;50;-20;10;380;480;40;-10
-120;40;60;90;-60;-420;40;-10
100;20;-10;-20;260;130;-40;-130
-20;-20;20;10;-100;-220;0;10
470;40;20;30;-360;130;-20;20
20;10;-20;-70;90;160;30;90
-340;-110;50;50;-10;20;0;-50
-50;0;40;70;-250;-420;-10;-10
150;50;10;50;70;-130;10;130
-40;-20;-10;10;-150;-290;-40;-100
690;80;0;-20;-70;20;10;20
60;70;80;60;-470;-640;40;260
30;10;0;-40;120;180;0;-30
30;40;80;80;-990;-1050;-30;-40
-20;-30;-20;-10;120;30;-20;-30
20;-10;-30;-30;250;360;10;-50
-50;-40;-40;-40;-80;-60;-20;-70
-40;-80;-60;-40;350;540;-50;-80
-90;40;10;50;-30;-120;-30;30
0;-10;-20;-20;-90;40;-10;20
30;20;-20;-30;30;160;-10;-60
60;20;-30;-50;130;160;-10;-30
100;-10;-10;0;-180;-180;-50;70
30;-70;-50;-60;70;40;-10;-80
-40;10;-20;20;-40;-100;10;60
-120;0;10;10;-290;-180;-10;-40
190;40;50;40;-560;-610;-20;20
270;130;0;-40;50;40;0;40
40;-20;40;40;-330;-280;-10;-140
20;-30;-10;0;80;-40;20;10
-30;50;20;10;110;140;-20;-80
20;-40;30;-10;-140;-160;30;30
-20;-20;0;10;150;130;-20;-40
-30;0;30;-20;-590;-420;-50;-20
10;0;-40;-50;270;360;20;130
-90;30;-20;-20;330;400;-10;-40
-260;-30;-10;-50;-20;-90;-40;-100
-110;40;70;30;-200;-240;-30;-50
30;70;-30;-10;190;190;30;20
-60;80;0;0;-10;-40;10;0
260;10;30;10;90;10;0;70
40;20;-10;10;230;130;-20;0
230;-50;30;30;-130;-320;-20;160
-130;70;-10;-40;130;190;0;-70
30;10;10;10;-300;-270;-40;-20
30;-70;-60;-70;470;540;-10;60
330;40;-10;-10;10;-80;-20;-120
-190;-10;30;30;-280;-450;-30;10
-30;20;-40;-60;-30;90;10;0
240;40;-10;0;-110;-210;-10;80
-80;-20;-10;-50;90;230;-10;-60
-270;-20;40;30;-160;-180;-20;-80
-60;-90;-60;-60;140;270;-10;20
360;30;-40;-50;150;380;-20;-10
-110;-10;0;20;150;50;0;-60
-230;-20;-40;-10;40;170;-20;-30
120;30;-20;-30;90;270;10;-80
10;-50;40;30;-440;-430;0;30
0;50;20;20;170;-20;-10;10
-70;-10;-70;-50;440;480;10;-130
-210;-80;-40;-60;50;170;-10;-20
130;-30;-10;-40;0;-50;-10;150
640;70;-40;-50;120;150;30;30
-160;-30;0;0;-180;-10;-30;-100
-160;-100;-20;-40;200;280;-10;60
-210;-50;-20;0;40;150;20;10
-30;-90;-30;-60;100;300;-20;-80
50;50;0;-20;-130;30;0;-30
-60;10;-30;0;10;-40;-20;-70
-140;-50;-40;-40;270;300;0;-200
100;0;0;30;-70;10;10;50
-80;20;0;-10;70;40;10;-120
-150;-50;-20;30;30;10;-20;70
-170;-10;-10;-40;110;80;-10;-80
20;40;0;30;150;110;10;-120
-200;-100;-30;-10;70;70;-40;-100
70;130;-10;-20;40;250;0;-30
90;-50;-10;-10;190;-30;-20;20
50;-70;-40;-30;-30;-80;30;230
-40;50;50;40;100;-30;-10;0
-140;40;20;40;10;-270;0;140
270;0;-60;-20;-90;-100;-10;30
460;40;-10;0;-380;-90;0;-50
-40;30;20;20;-150;-100;-30;-100
150;20;10;-10;200;-10;10;50
220;10;40;30;-80;-60;0;110
-60;-30;-20;-30;110;-20;20;210
-170;-80;-10;20;-50;-50;-20;-70
-10;-20;-40;-80;480;350;-20;-60
400;40;0;30;130;180;-20;20
-90;0;20;50;-150;-110;-40;-30
-160;-10;-20;-30;-70;-140;0;-20
-110;-20;0;10;-30;-180;-30;-50
30;0;-10;-30;-130;-60;-10;-10
-140;0;-60;-40;230;-40;0;90
50;40;40;50;-320;-630;0;50
30;-20;-20;-70;-150;280;-10;90
90;-30;-100;-120;290;640;-20;30
140;30;20;40;-100;-240;-10;20
-310;-50;-20;-30;-130;150;-50;-120
100;30;30;0;-170;-200;0;220
0;-40;-60;-80;70;80;-30;-80
-130;-30;-40;10;340;200;-10;-70
-150;-20;0;30;-50;-10;60;-60
60;30;50;50;-570;-260;-40;-70
-90;-60;-40;-90;-20;310;0;170
-190;-30;-10;-20;-130;10;0;-80
-10;30;40;10;-440;-510;0;-20
0;10;0;0;240;-110;0;-40
100;-10;10;-10;50;120;-60;20
-10;0;-10;-20;-50;-80;-60;-70
-570;-30;-30;-30;530;390;20;-210
10;30;20;0;-310;-280;-20;-10
70;0;-30;0;130;120;30;-40
50;20;0;-10;-180;-220;10;20
270;0;-10;-50;-180;-30;-50;-20
-120;-10;-10;70;530;-90;-20;-60
-130;-50;-50;-80;110;300;0;-60
-230;-30;-10;10;-140;-90;10;-190
50;-30;-30;-60;110;-10;10;0
-140;-20;-20;-30;80;300;10;-10
-20;-40;-30;10;40;120;20;-40
30;-30;-40;-90;-100;70;-30;-50
-400;10;0;-10;-60;-120;-50;-270
90;-20;0;-20;-10;-170;-30;70
90;10;0;-10;-120;-530;10;90
-100;10;30;-10;-460;-250;-20;-10
-60;-50;-10;-20;110;260;-10;-10
-90;0;0;-30;80;-50;-40;-50
-50;0;-20;10;220;110;-10;-30
40;-20;-40;-30;-110;230;20;20
-250;-10;0;20;60;200;-20;-140
80;10;0;40;-50;-170;10;-10
160;30;-20;-20;260;330;20;10
-230;-40;-10;0;-390;-160;-40;0
10;100;0;-10;30;120;20;210
-190;20;0;0;90;290;20;-150
20;-50;-50;-60;160;430;-10;50
-20;-10;0;0;-210;-270;-10;20
-80;-10;-30;-10;-20;-110;-60;-50
-110;30;0;-20;-130;-50;10;-80
250;30;10;-10;-160;-200;-10;40
390;50;-10;0;-10;-20;20;140
-80;30;10;40;-70;-10;-30;-50
-180;-40;40;-20;-250;-390;-10;50
10;-10;-30;-20;200;230;-10;-30
-310;-20;-30;-20;10;-30;-20;70
-80;-10;0;0;-50;-190;-50;-90
50;-30;-30;-60;110;270;30;140
-110;-50;-50;-40;140;240;10;-110
-230;0;60;30;-20;190;30;-90
-130;30;0;30;40;10;-30;10
-10;-50;0;10;-30;150;20;60
-90;-70;-30;-10;460;90;-20;-20
100;0;-10;-20;90;50;-20;20
50;30;10;-40;-50;-160;-30;-20
250;30;0;0;10;220;30;120
-140;130;20;20;-80;-80;-10;-60
160;-20;-20;-10;80;-60;40;10
-100;-30;-60;-60;50;-50;-40;10
30;-80;-60;-100;320;340;10;-20
150;40;10;10;150;310;-10;-100
-50;-30;-60;-40;270;230;20;-10
-40;-10;-30;-30;150;200;-20;-40
20;-40;0;-10;-140;-530;-40;60
70;10;20;30;-280;-260;10;-40
70;70;40;50;-270;-400;-60;80
80;40;40;-10;-330;-270;20;70
-320;-30;-40;-50;-10;160;0;-50
-20;40;-20;-20;50;-100;30;220
-250;-10;10;0;-260;-230;0;-50
80;60;-50;-80;80;100;0;30
-140;-30;-30;-10;180;300;-20;-100
130;80;0;20;-210;-400;0;-50
50;-10;30;20;170;330;10;50
70;0;-20;-40;160;230;-10;-30
-170;-70;0;-30;-30;20;-20;-130
-20;-10;0;30;90;160;-20;10
-30;-30;-30;-20;50;20;-30;-80
-170;-50;-70;-40;130;180;-20;-120
20;-10;10;10;-50;-30;-10;-110
-10;-20;20;0;-340;-740;-10;170
-50;-30;-40;-50;80;380;0;10
300;60;0;30;-20;-10;-30;60
-110;-30;-40;-30;200;380;-10;-60
410;80;0;-50;-240;-380;-20;80
-10;-10;0;30;110;110;20;-10
-160;-50;-30;-20;150;50;-20;-60
-50;-40;-10;-70;110;240;-10;-20
-70;-30;-60;-80;360;760;20;-120
790;50;-40;-50;80;90;10;190
-130;30;-10;10;10;40;-10;-80
-240;-90;-90;-80;-40;240;-60;-60
-90;0;-10;-30;-160;-260;-40;-30
100;10;30;30;-70;20;30;90
-20;0;-10;0;120;130;10;200
430;50;-30;-50;-70;-150;0;10
-130;40;80;90;-550;-990;-20;-10
730;60;0;-20;50;10;-10;0
-80;-20;-20;0;-50;-10;-10;-70
-220;-20;-20;-10;170;240;30;-40
90;-20;10;30;-210;-440;-30;-20
-140;-30;-10;10;-200;230;0;-150
20;-10;0;10;180;-210;-20;50
-70;10;0;0;-160;50;-30;10
-380;20;30;20;-150;90;0;-110
30;-10;30;30;10;-140;-10;10
-120;-100;-30;-40;50;150;0;-30
-100;0;20;60;-90;-430;-20;-20
-10;70;40;60;-130;-430;-30;0
50;10;-10;-20;-170;-160;20;120
-230;-20;-10;-30;160;-180;-10;0
-60;-10;-30;-60;-70;400;30;30
50;20;-10;-40;60;50;30;290
10;-50;-40;-20;180;130;-30;-30
-200;10;0;20;120;20;-30;-160
-280;0;0;-10;100;10;30;-140
50;-20;-50;-30;200;250;-40;-20
150;120;0;0;-20;-20;-10;-30
10;-140;-40;20;50;-90;20;90
-80;10;30;30;-200;-210;-30;-60
-60;70;40;40;-170;-100;150;-100
80;20;40;70;-180;-170;50;70
-80;0;0;20;-330;-30;-60;-30
290;80;10;-30;-10;-50;10;220
80;-10;0;30;70;-130;10;-30
-100;-30;-20;10;220;90;-10;-30
-240;-150;-30;-40;60;70;-10;-150
-110;-70;-10;10;40;100;-20;20
40;-70;20;-10;-530;-320;-70;-200
370;60;-10;10;-100;-270;-110;60
-30;-80;-40;-40;230;-90;-20;40
-170;30;80;90;-240;-430;20;50
170;20;-30;-10;40;340;-10;-20
-220;20;10;-10;-470;-520;-10;0
80;50;30;80;-90;-250;50;130
-100;-80;-40;-20;120;0;-10;-50
-60;-30;-10;-20;-60;210;-10;-50
-20;-30;-10;-10;-10;30;-20;-10
30;10;0;0;-40;-40;-40;-30
50;-20;-40;-30;100;140;0;-40
190;-40;-20;-40;-80;220;-30;0
150;-10;-20;0;-180;-240;0;50
260;160;20;-20;-210;160;0;-30
-40;-20;10;10;-160;70;-10;-130
300;70;-20;-20;40;-90;-40;-10
-130;-30;0;0;300;110;-40;-210
10;-30;-30;-10;10;40;-20;20
10;-30;-20;20;550;10;20;40
0;30;0;20;190;-10;-20;-50
70;20;10;20;-60;-100;40;-10
50;20;30;90;-130;-80;0;30
-100;-10;-10;10;100;130;-20;10
-40;60;10;10;-240;-340;20;60
10;10;0;20;170;130;10;-20
60;-10;0;-20;-20;90;-40;-20
-60;30;-20;-40;110;10;0;200
-170;-40;-20;-20;-30;220;-30;-280
-150;-30;0;0;-100;-60;0;-10
-280;-180;-30;-50;-10;90;40;200
110;60;-10;-30;210;50;20;-10
-150;0;20;-30;-170;-210;-10;-10
180;-30;10;40;150;190;-10;-10
-40;-60;-40;-50;230;350;0;-90
-150;-30;-10;0;10;220;20;-10
-200;-110;-70;-60;300;480;10;-100
0;-30;-30;-30;50;170;20;-10
40;20;10;60;-340;-350;-40;0
220;40;10;-10;-230;50;10;70
190;40;40;40;70;-200;-30;-10
-120;30;0;-10;-80;140;-10;-50
-360;60;0;-10;-180;-200;-10;-70
-90;-30;-20;10;-30;70;0;130
160;0;10;30;-80;-100;-60;60
-50;-10;-20;-10;-160;-160;-10;-30
-50;-20;-30;-20;170;-100;-40;-60
-30;-50;0;20;-140;-280;-10;-20
310;10;-10;20;-210;-240;-30;100
-150;30;0;10;-70;-110;-30;-70
-40;0;-10;-10;-110;-60;0;20
-140;0;0;0;320;270;-10;-70
0;-50;-10;10;-70;100;20;10
-370;20;10;30;-130;-150;-30;-120
40;-10;-20;-30;-160;-60;-30;0
-50;-20;0;-50;-260;-70;20;240
60;0;-50;-60;220;180;30;-150
-40;10;0;-20;-90;10;0;90
390;-20;10;0;60;-210;-10;60
-10;-30;-30;-60;170;280;10;-40
-290;-50;-10;20;-160;-90;-20;-80
0;30;0;40;200;-160;30;70
-130;90;40;50;-190;-570;0;60
140;-40;30;70;-120;-170;-10;-100
30;-40;-30;-50;90;350;-30;0
30;-30;-10;30;-170;-70;20;10
-200;10;40;50;-410;-670;-30;-50
-50;20;0;0;-60;-80;0;30
-90;10;-10;-10;-380;-580;-10;40
40;20;30;30;-560;-390;30;120
250;-70;-30;-10;350;250;-20;0
0;-20;-20;-20;110;40;0;50
40;50;20;10;-50;-220;-10;10
260;50;20;20;-80;-120;-60;0
-150;-40;-50;-50;480;410;10;-10
-20;0;0;0;130;230;10;170
-60;10;50;50;-290;-210;-10;-40
-40;-90;-10;-50;30;0;30;20
-50;70;10;20;-310;-420;0;-60
-150;-30;-10;-20;-60;-270;-40;-90
190;40;-20;-10;130;-10;0;-10
-130;0;10;20;-80;-460;10;-20
-130;-70;-60;-10;410;380;0;-40
160;-80;-40;-60;-30;190;10;10
-10;-10;30;0;-20;20;-20;-60
380;50;-20;20;-10;-180;-20;-80
-140;0;-20;30;-150;-40;10;-100
0;20;20;20;290;-150;60;60
-110;-20;-20;-60;170;-10;-10;-150
0;-50;-10;-20;-240;-100;-40;20
350;10;-10;10;-330;-400;10;120
-50;-10;-30;-40;-10;180;-40;-40
-200;-60;-10;20;220;260;10;-60
-60;-30;-20;0;200;170;20;60
-180;-70;-30;-20;10;-120;-50;-110
-220;-40;-10;-10;-30;340;-10;-30
60;0;-20;-30;20;80;0;50
150;20;10;0;-10;10;0;-70
810;80;10;0;190;160;20;60
-170;-40;-20;-30;90;180;-20;-20
-190;30;20;30;-310;-240;-20;40
230;60;40;40;290;-360;10;70
40;-50;-60;-70;80;250;-10;40
0;0;20;40;-60;-320;-20;40
490;60;-20;-70;290;420;20;30
-20;30;0;30;-10;-60;20;10
640;70;10;-10;-450;-460;-20;200
-90;0;-10;10;280;140;-10;170
-60;-10;0;-20;20;-60;-30;130
-130;20;0;10;190;170;-10;-190
50;0;0;10;170;0;-40;-150
-150;-40;0;40;140;330;-40;-100
-40;-10;10;-10;-100;-280;-60;-20
30;20;20;60;110;-320;-10;60
-40;-50;-50;-110;-50;190;-20;-90
110;10;-20;0;-260;-330;0;10
0;-10;-20;10;410;260;10;80
-70;30;0;-10;-110;-100;-20;-10
-190;-20;-20;-50;-160;290;40;-40
0;0;-10;0;-150;-80;10;20
-20;-20;-20;-50;250;140;30;50
-70;40;10;0;250;330;30;50
-290;-80;-20;10;-40;-350;10;20
-150;-20;20;0;-30;-140;-50;-180
50;-10;0;-20;-90;0;-10;80
40;-50;-20;-50;120;160;10;-60
-80;-30;10;20;160;130;0;50
-10;-10;-10;-50;-370;-140;-10;30
470;40;20;0;120;100;0;80
-150;-20;20;30;350;-10;0;-40
-120;10;40;20;-30;80;50;0
-70;-20;-40;-20;-150;-270;-10;-40
-300;0;-20;40;190;20;0;10
10;-10;-10;-10;20;30;-40;-50
-140;-40;-10;30;110;150;0;-40
620;70;-10;20;-220;-300;0;170
140;30;20;10;-220;-240;20;200
-40;-40;-10;-30;260;350;0;-100
-20;10;-10;-30;60;250;-30;0
-290;10;-10;-40;-130;-180;10;-50
-240;-40;-30;0;-20;-40;-30;10
20;-20;0;-40;-40;-10;-20;0
730;100;0;-70;-290;-590;-30;80
230;10;0;-10;-280;-10;0;20
-220;-80;-40;-50;250;330;10;-90
320;70;50;50;-280;-400;-10;40
-40;-20;-20;20;560;590;50;220
-40;-40;-10;-10;200;140;-30;-140
-140;-30;-50;-20;420;280;0;-10
-260;-10;30;70;120;-210;-20;60
10;-10;0;-10;-80;-70;20;-30
230;-10;20;50;-110;240;-40;-10
90;20;20;10;-150;-160;60;-40
10;-10;-30;-40;-110;-120;30;-50
-90;-10;-20;20;120;100;-30;-100
100;40;40;50;-30;-330;-10;30
-160;-30;-20;-10;90;120;-30;-60
70;-20;-30;-50;290;440;-20;40
90;-50;-30;-20;-90;-90;-10;70
-100;-40;0;-30;190;240;30;-20
10;-10;0;20;110;-10;-10;0
40;-10;-30;-30;-40;70;-20;20
-20;-30;-30;-10;170;170;30;10
-180;-50;-10;0;150;20;10;-40
90;-10;-50;-70;100;10;-10;10
-10;-90;-10;10;20;-170;-30;-20
-170;-40;0;-20;90;280;30;-40
-30;0;20;-10;-100;-30;-40;-60
10;30;0;-10;-30;0;-20;-20
-50;-40;10;40;-350;-40;20;80
-150;-40;20;50;160;-110;10;40
530;100;20;10;-250;-230;50;80
-70;-50;-40;-40;200;110;10;-50
-390;-40;-10;30;350;70;-10;-120
-120;-20;20;-20;-310;-460;-60;-50
260;30;-30;-40;530;620;-10;-100
-110;10;10;-30;-400;-300;-60;-70
-120;-40;-30;0;-230;-300;-40;-10
20;-20;-20;-10;20;-130;-10;0
110;10;-10;-10;140;150;50;30
-60;20;20;60;90;-260;-40;-50
-50;-40;-40;-60;70;190;-50;-60
-50;-10;10;20;-50;-170;30;30
-240;-10;0;10;-220;-230;-10;70
130;-20;10;-10;100;60;10;90
190;30;10;-10;30;-100;-20;-80
30;-20;-40;-60;-160;-130;-30;40
-130;-40;-10;10;50;-10;0;-20
-280;-50;-30;-40;140;200;-20;-90
80;0;10;20;0;60;0;-40
-150;-70;60;50;-260;-410;-40;-20
100;-30;10;10;-190;-280;-30;40
-50;-130;-40;-70;50;110;-30;-50
-60;40;-60;-40;190;250;0;-190
80;-80;20;20;-270;-170;40;60
10;10;-10;20;60;-50;30;-30
-180;10;-10;10;-120;-340;0;30
90;-20;-30;0;330;-170;-50;-50
-30;-30;0;10;-100;-240;-30;-110
-140;-40;-10;30;160;30;20;-20
20;130;20;0;30;80;0;-10
30;60;0;-10;-130;40;30;200
50;-30;0;-10;-420;-500;-10;20
40;30;-10;0;190;130;10;40
260;40;30;0;-310;-400;-10;-30
-20;-20;-40;-30;320;260;-40;-80
-40;-40;0;-10;-80;-180;20;190
-120;-80;-40;-50;60;30;10;140
-120;10;-10;10;-30;-270;-30;-290
-290;-270;-20;-30;150;310;-40;-130
-100;30;10;20;40;-20;-20;-80
140;0;-20;-30;0;0;-30;0
100;30;10;30;40;60;0;-60
-240;-120;-40;-10;220;260;-20;10
50;0;-20;-50;30;130;-10;-70
110;60;-10;10;20;-160;30;40
230;40;0;10;-20;-20;20;-30
-70;10;30;20;-100;-140;30;-30
-150;10;-10;10;-100;-20;0;40
-90;-40;-30;-20;-170;-140;-50;0
30;10;-20;-10;-40;-20;-20;20
100;-20;20;10;-200;-290;-40;-30
80;-20;20;60;-90;-400;-40;0
-100;70;-10;-60;-80;40;50;40
-40;-50;-30;-30;90;220;-10;0
-30;-10;-10;-40;-20;0;-20;70
0;10;-10;-30;80;40;0;240
80;-10;-40;-50;190;230;0;-50
330;10;0;0;40;-80;0;50
50;10;20;20;-300;-310;-10;-20
-230;-100;10;0;-30;-80;50;-90
-10;0;10;10;50;-140;-50;0
-20;10;-10;-20;30;160;20;-60
50;-10;-10;0;120;300;10;-20
-20;-30;-40;-10;200;40;-20;-30
300;40;-20;-30;-80;-40;50;300
-140;0;-10;-10;-20;-120;-60;0
390;10;-10;-30;-80;-60;10;90
400;0;-30;-10;210;250;10;40
-30;0;-30;10;270;210;-10;-70
-100;40;0;0;30;-60;-10;-70
-200;-60;50;70;-520;-750;-40;-40
-80;-50;-60;-40;510;390;-10;-40
20;50;-10;-30;-320;-310;-10;-30
470;90;-10;10;-120;-240;-30;120
-30;-20;-30;-10;320;340;10;-70
80;70;-10;-20;-130;60;-10;70
-70;-10;0;-20;-240;-230;-20;10
40;-30;-50;-60;170;270;-60;-70
700;40;-20;-10;-310;-170;0;270
-420;-40;0;-20;140;270;20;-140
10;-30;-10;-50;10;20;-20;0
20;0;-20;-20;-60;70;-10;0
-230;-100;-30;10;190;140;20;-40
-50;-40;-50;-60;50;290;0;-30
-120;-10;30;40;-110;-280;10;-20
230;-160;-40;-10;220;120;-40;0
10;40;10;20;-90;-70;-20;90
300;0;-20;-20;0;-40;-10;30
-80;-30;-30;0;-180;-260;-10;20
-90;-70;-20;-10;360;300;-20;-60
-70;-90;-60;-40;140;190;-10;-50
-120;-50;-30;-40;130;430;-20;-10
-100;-50;-10;-10;-280;-320;-40;-90
-240;-70;10;40;-240;-260;30;80
260;30;-20;0;-260;-370;-60;-60
70;60;60;70;-130;-170;40;-40
80;60;-10;-10;-160;-100;-20;-50
370;0;0;-10;50;110;-30;-80
-10;50;-10;0;-70;0;-30;30
-20;-20;30;0;60;120;-10;-20
-40;-30;-10;-20;180;160;10;-110
-80;-10;-20;-10;70;0;-40;-120
60;-40;-10;0;230;270;20;50
80;-10;-20;0;200;210;20;-40
190;30;10;0;-110;-120;10;50
0;0;0;30;-20;-80;-10;50
-60;30;40;10;-450;-670;-30;-40
40;-20;0;-40;-20;60;-50;-40
-100;-30;-40;-10;110;90;-50;-30
160;60;30;20;-280;-240;-30;-120
30;-20;-30;-20;40;20;-30;-10
160;20;0;-40;0;130;10;40
0;20;20;30;310;200;-20;-80
100;20;20;-10;-40;-80;-10;50
-310;-50;10;30;-230;-330;-50;-270
-50;-20;-50;-20;610;430;20;-30
0;10;-30;-30;260;200;20;30
-10;20;10;0;150;30;-30;-150
390;-10;0;-10;-10;420;40;150
10;10;-10;10;-120;-30;-10;-100
270;40;0;10;-520;-600;10;-30
-250;-40;-20;10;170;250;10;-50
-180;-100;-40;-30;70;-10;-20;-30
-100;30;50;100;-170;-220;0;10
-130;0;-30;-50;-80;-40;10;-60
40;40;20;0;-250;-180;-20;-90
-10;-10;0;-20;-330;-130;-20;-10
-410;-40;-20;-10;100;280;-40;-170
110;-70;0;50;120;50;20;60
-120;-40;0;10;60;-70;10;50
-190;10;-10;-20;40;30;-30;-10
-30;10;20;20;90;-90;0;0
170;-40;-40;-30;-80;-10;-10;-20
80;-20;-30;-40;80;40;-20;0
120;20;-10;30;160;210;10;-20
-70;-10;-10;-20;90;-60;20;40
-10;10;10;10;-80;-70;-50;-10
-170;0;-20;0;220;190;30;10
80;-10;0;10;140;60;10;-30
70;20;-20;20;-90;40;-10;10
-10;10;30;40;-50;10;0;-10
-100;0;20;10;-20;-20;20;50
40;30;10;10;-20;30;10;20
30;-10;-20;0;-60;-260;-40;-10
40;70;20;60;-30;-560;-50;-80
-340;0;20;50;-290;-420;-20;-20
60;-60;-40;-40;-130;200;10;70
-40;40;20;0;-20;-10;0;60
-20;-10;-20;-10;-20;230;-10;-90
480;-60;-10;-20;150;-110;-60;-140
50;20;-10;10;10;80;-30;-90
-260;-130;10;20;160;170;40;300
-410;30;80;90;-880;-950;-40;-80
-30;20;-20;-30;330;340;-10;0
-20;50;30;30;-400;-570;-60;100
180;0;-50;-50;180;260;10;110
-90;-40;0;10;-30;-70;0;-50
-130;-20;-20;-30;160;250;10;-90
180;-10;-20;-30;170;140;-30;10
-10;20;-20;-40;220;140;20;-20
-130;10;-10;0;140;180;20;-70
-40;20;10;20;-470;-640;-30;-20
-40;-30;0;30;190;90;0;210
100;-40;-40;-30;-50;150;50;-40
90;-30;-30;-30;170;70;20;80
50;0;10;50;-250;-170;-10;20
-100;-20;-20;-10;-350;-190;10;-20
660;10;-30;-60;-40;260;20;160
-90;-20;0;10;340;0;10;-70
-260;-40;-20;-30;330;190;20;-20
130;-40;0;20;390;40;-30;-80
460;30;-30;-10;-190;40;50;50
-70;-70;-60;-40;150;270;10;90
-100;-30;10;10;0;-70;-50;-120
90;10;-10;-30;120;150;10;-10
-100;-30;-50;-50;-30;-130;-10;10
-210;-70;-60;-80;430;500;-30;-120
270;-50;-10;-20;240;100;-10;10
30;-10;-60;-80;180;380;0;-30
40;110;10;30;250;270;50;-180
-210;-80;-90;-60;20;170;-10;-60
50;0;20;20;-120;-120;-20;-60
50;0;20;10;-270;220;-10;20
-30;-20;-20;30;-210;-70;0;-50
10;-30;-20;0;170;60;-30;-60
10;60;30;20;-390;-530;-40;40
210;10;-30;-60;30;90;10;40
60;-10;-40;-50;0;250;30;-30
-70;-30;0;-20;40;0;-10;-50
-230;-50;-50;-50;80;140;-10;-100
-190;-60;-30;-10;180;180;-10;-10
-170;-20;-10;-30;80;170;20;190
90;0;-40;-60;120;270;10;-20
820;90;0;-10;-90;-260;-20;120
-280;30;70;120;-170;-360;10;-40
20;10;30;50;10;60;0;-60
-50;0;-10;0;230;400;50;20
80;0;-20;0;160;160;-10;-80
10;30;40;-10;-20;-150;-10;80
30;0;40;50;10;-170;-10;20
50;-30;-40;-10;140;220;-10;-80
-120;-10;-20;20;-190;-240;10;70
-30;-20;-30;0;-70;150;0;-120
60;10;-20;-40;0;130;-20;-30
-160;0;0;10;-50;-170;10;30
100;70;50;50;-210;-190;-30;-50
-90;-10;-10;0;240;60;-10;-40
10;60;60;80;-240;-110;-10;30
-200;-40;-40;-20;120;210;-50;-20
120;10;10;20;-380;-360;-20;0
-180;-30;-20;-40;-220;60;-10;-70
-90;-50;-20;-10;-50;-90;-30;-70
-50;-20;-20;0;80;100;-20;-40
-70;-10;-10;-20;80;-110;-30;-100
60;20;-10;-30;-320;-250;0;0
-130;-40;-20;-30;50;360;-20;-60
100;-40;20;20;120;-20;10;-60
-90;-10;-20;-20;60;200;-30;-180
-80;50;20;10;-20;10;-10;0
40;-10;-10;0;130;200;-20;-50
240;50;10;40;170;140;20;60
70;-10;-10;30;-290;-40;-30;-80
-180;90;-40;-60;140;90;-20;-100
-130;-50;-30;-80;-310;-110;30;-10
-290;-290;20;30;0;-80;0;-100
-90;80;-10;-10;-60;-10;-30;-50
130;30;-60;-50;420;530;0;-20
-120;80;20;30;-100;-150;-60;-100
110;20;-40;20;260;30;30;120
-70;-50;-60;-90;60;90;-10;-10
80;-70;-40;-60;-110;-60;-10;30
380;50;50;60;-390;-530;10;220
-80;-40;-20;-40;420;300;30;-30
580;140;-60;-30;190;430;-30;30
-210;30;0;0;-190;30;10;-80
-110;-110;20;-10;-270;-310;0;-70
80;60;10;-40;-410;-320;-30;20
270;0;-30;-70;-160;170;-30;-50
-270;30;-30;10;150;220;30;30
-50;-20;30;60;-410;-420;0;-40
-40;60;0;-30;-40;-40;20;50
-190;-160;-30;-20;250;330;-70;-260
-90;20;-10;-50;-40;250;0;0
30;-40;-30;10;0;220;30;40
0;130;-40;-60;550;410;-10;-250
80;-60;-50;-50;-280;-230;-20;30
70;130;-10;-40;-360;-120;10;50
-50;-70;-10;-10;230;310;0;80
-240;-10;-30;-20;80;250;-40;-140
0;-50;10;0;40;-380;20;-50
0;220;0;-10;180;100;0;-70
160;90;50;30;-290;-250;-30;120
10;130;-20;20;80;20;40;0
60;50;-40;-20;-120;260;50;270
470;50;30;40;-470;-290;0;170
270;-240;0;-40;-490;-290;-30;70
-180;-250;-40;-60;380;210;-60;-180
-140;0;0;10;-80;20;-20;30
-50;170;-50;-20;160;400;10;-80
-150;0;-10;40;320;190;0;-30
50;180;40;50;10;100;10;120
90;-190;20;20;-40;-230;-60;0
50;-130;10;20;-230;-180;-30;-120
60;-250;0;0;100;-20;-10;-20
-60;-10;-10;-10;-180;-190;20;30
30;50;-20;-50;-80;30;0;20
-180;-100;-20;10;30;70;20;-50
-20;20;-20;-40;80;90;0;80
40;-90;-50;-50;340;330;-30;-20
90;-30;-20;-10;-160;-220;20;30
-130;-40;20;50;200;-30;-10;190
-40;-40;-10;-40;-280;-80;-40;-120
120;40;-10;-30;-120;-380;0;-10
660;90;0;0;-150;-70;-10;10
-80;20;-20;-20;70;0;-50;-100
-140;-60;-60;-60;60;220;-10;-40
-240;-90;-50;-30;670;540;10;-80
50;-10;10;-10;-60;-30;-20;-120
430;20;30;40;0;-270;0;-60
-120;-50;-20;-10;-230;-100;20;-20
-60;50;10;-30;140;180;0;220
-40;0;-30;10;-130;-60;10;10
240;30;30;40;-290;-450;-30;40
-60;10;-10;-10;190;160;-30;-100
-10;0;-50;-90;-210;-170;-40;-50
-100;-70;-40;-60;40;90;10;100
20;10;10;0;10;10;30;-100
200;-30;-70;-60;170;280;20;80
-130;20;80;120;-20;-430;20;80
410;10;-60;-60;300;190;10;-10
-40;10;20;10;-430;-330;-20;-100
-10;-60;0;10;40;-20;0;40
80;-20;-50;-60;440;420;-10;-80
-20;-10;10;-20;-30;-230;-20;-30
170;40;10;-10;-280;-70;-30;0
30;-10;10;-50;-40;-90;-70;-70
-30;-40;-40;-30;40;80;-20;-10
0;30;-10;-30;140;-10;10;-40
70;0;60;20;-510;-590;-40;-10
50;-10;-40;-40;190;240;-10;-70
-20;-50;-20;-30;120;150;10;-20
-70;20;30;40;160;-350;-20;-60
-230;-20;-10;20;-220;-220;0;20
110;20;-40;-80;520;290;10;70
80;-30;0;0;-20;50;-40;-170
-60;10;20;40;-110;-200;-10;-20
-30;10;20;10;-10;-90;10;30
40;-20;-20;-30;10;90;-20;0
-40;-30;-30;-30;220;220;20;0
80;0;-70;-60;340;300;10;230
120;-30;-10;-40;-40;90;-20;50
70;-50;-10;-30;-120;-50;20;60
-280;30;-10;10;-90;-50;-20;-150
-150;-130;-20;-10;90;80;-20;-50
100;-30;30;80;400;-150;20;90
570;110;30;10;-80;-50;0;170
-50;50;50;60;-570;-300;-20;-10
-40;-30;-20;-30;40;260;20;-40
80;-20;-20;-10;-30;-20;-30;-20
-70;-30;-20;0;-130;-120;-20;10
-30;-10;-20;-20;-110;80;10;-30
-80;-50;-60;-50;-140;130;-30;-100
-70;-40;-30;-20;-90;-50;0;-70
-120;-20;10;-30;-30;40;-30;-20
-120;-50;-20;-20;210;250;10;-130
-240;-20;0;-10;180;120;0;70
-30;-40;-20;310;-30;200;60;80
30;10;0;-100;-40;-120;-10;-70
-50;-20;-30;-60;140;0;0;-60
50;0;0;-40;230;330;20;-20
60;0;-40;-70;-10;80;50;130
-220;-50;70;-10;220;110;-20;-40
-10;20;20;-30;-120;-200;-30;0
-190;-30;-30;-10;30;180;0;-120
120;10;10;60;40;-250;20;0
-60;-20;-30;20;-90;-60;-20;-40
30;30;30;30;-110;-280;-20;120
-10;-20;-20;-60;0;10;-10;0
50;30;-10;-20;60;-30;-20;10
-30;10;0;0;-30;-110;20;-70
-90;-30;-40;-10;150;140;10;-20
370;40;30;10;0;-200;-50;50
-30;-10;-40;-70;-30;90;10;-40
-190;-30;-30;-10;-180;-80;-40;-20
50;-20;-20;-40;-80;-120;0;0
280;30;-30;-40;-330;-10;-10;0
30;10;-20;40;50;70;20;20
-20;20;-10;20;-50;-250;-10;20
-70;-20;0;10;100;-70;-40;-220
-40;-40;0;0;240;270;50;200
-10;0;-40;0;110;280;10;170
-10;0;0;-30;-80;100;-30;-30
-310;-70;-30;-60;640;380;10;-50
60;-30;-40;-20;-150;-30;-10;110
30;10;10;-50;-70;-250;-20;80
-150;0;-10;-20;20;-220;0;10
30;-50;-20;-10;40;30;-40;-60
0;-10;-10;10;-130;-260;-20;-80
-80;-50;-50;-50;260;340;10;-70
-40;-10;20;0;60;40;-10;-110
-100;-70;-60;-90;80;300;-10;-100
120;40;0;0;110;30;10;30
-190;-20;10;-70;-170;-200;-40;-40
-40;10;10;20;-370;-100;-10;-20
-80;-20;-20;10;140;100;-10;-100
490;40;-30;-10;170;310;-20;-10
90;10;0;40;-140;-10;0;-30
-20;-20;-20;-10;220;0;-40;-30
-140;-60;-90;-110;300;380;10;10
-110;50;20;20;-230;-150;0;-10
110;-20;-20;10;120;-20;-50;-40
-60;0;30;50;20;-190;10;10
30;10;70;-30;-620;-430;-20;40
70;30;10;20;-340;-390;-30;-20
-50;-100;-50;-20;0;70;-20;-80
-80;20;20;20;300;90;0;0
-80;-10;-40;-40;10;190;-20;-60
840;80;10;-30;340;340;10;130
-220;40;10;30;-240;-260;-30;-190
-100;-40;0;-20;-180;-110;10;-150
10;90;20;20;-80;-100;0;150
-50;0;30;30;-290;-310;-20;0
-40;10;40;30;-180;-470;10;40
110;-20;0;10;-320;-50;0;0
-40;-50;20;10;10;40;-30;-120
-210;-30;20;-10;-210;-430;-10;-80
-20;-10;20;30;-380;-200;10;70
120;110;50;80;100;-240;-20;-130
180;-30;-40;-100;-10;230;10;170
-130;-50;-60;-30;110;60;-20;-20
-20;-30;-50;-60;410;550;30;-20
-40;50;0;-30;-280;50;10;10
-360;-40;10;40;-110;-390;-50;-190
-100;-30;-30;-40;70;80;-20;-20
-40;10;-20;-30;170;100;-10;-20
110;-30;-30;-30;-150;10;10;40
140;0;-20;-30;70;120;20;40
-60;-30;40;80;-30;-50;10;-30
-40;-10;10;30;100;-70;20;20
-80;-30;-60;-90;110;0;-40;-120
480;60;40;80;-150;-580;10;100
130;-10;-40;-60;20;110;-30;10
50;20;30;60;230;-20;40;190
-30;0;20;50;-80;90;0;-40
10;10;-30;-20;0;230;0;-10
-10;10;20;30;220;-130;40;50
400;-20;-10;-20;-100;-70;-40;80
-40;40;20;50;150;-30;10;-50
0;-40;0;-30;-170;-40;0;-140
540;100;20;-30;10;-220;-30;60
-10;10;0;-20;140;-160;-30;10
-40;-60;-50;-60;70;150;-60;-60
-40;-40;-50;-40;330;320;30;-40
160;0;-20;0;150;40;0;120
50;-10;-10;0;-160;130;0;10
-40;-60;70;110;-480;-730;-50;-80
120;20;-40;-30;200;110;-10;20
-70;-20;-10;-30;-720;-320;-70;-90
-10;10;-50;-30;170;230;10;0
10;-30;-20;-20;230;280;-10;-40
-240;-20;-10;-60;-340;-300;-40;20
130;-10;20;70;-250;-10;50;280
-90;20;20;-20;-350;-110;-70;-130
-140;0;0;20;-130;90;20;30
70;-30;-20;-20;50;-30;20;20
50;50;-10;20;-160;-150;-10;0
20;0;-10;10;180;150;0;160
390;50;30;70;-180;-410;40;50
-50;0;40;50;-580;-410;-30;20
40;-10;-20;-60;210;150;-20;60
0;-20;-10;80;450;320;30;120
-170;-60;20;0;-780;-340;-50;90
260;30;-10;10;-280;-190;-30;50
-110;-20;-20;-60;170;140;10;-40
-180;-60;-40;-40;520;340;0;-100
-130;-10;20;40;-230;-280;-40;70
150;40;30;0;-150;-40;30;30
0;-30;-20;0;0;170;-10;10
-50;-20;-10;-50;40;420;-30;-70
-290;0;-30;-30;-480;-150;-20;0
-120;-30;0;0;-210;-160;-20;40
100;-80;0;0;-690;-220;-70;-290
410;40;-30;-50;70;80;-40;50
60;0;-50;-20;-90;-80;-10;-80
140;0;-20;-10;-150;-70;-20;-100
-240;20;10;10;40;-180;-40;-150
40;-40;-40;-30;-60;200;-20;20
-10;10;-30;-80;40;-10;0;-50
-260;-80;-80;-80;260;270;0;-30
100;-20;-20;20;210;180;20;60
150;-20;20;0;-130;-340;-40;80
-20;10;60;70;-580;-350;10;-30
100;-100;-20;-10;-190;100;-50;-190
30;60;50;40;-900;-680;10;-50
-170;30;80;100;-110;-210;-40;-10
-160;10;0;-70;-180;-70;0;20
0;-40;-10;10;250;390;30;70
60;-30;-70;-130;300;260;-10;0
-70;10;20;-10;-260;0;10;-80
-10;-10;-20;20;190;10;-10;-70
130;0;0;10;-120;-140;10;100
-50;40;30;20;20;-210;-40;70
240;-140;-30;-80;-540;-20;-10;60
-110;-10;-60;-50;60;-60;-30;-30
-230;-10;30;50;-240;-150;10;-30
-100;-10;-20;10;230;200;-20;20
60;0;-60;-70;140;60;-20;-100
0;20;10;10;-80;-70;-20;30
-70;-30;20;0;-50;150;-10;-20
-160;-20;-30;-40;40;10;-10;0
130;20;0;60;-300;80;40;0
90;30;20;40;40;10;10;-10
-80;-30;0;20;-170;60;30;-40
-120;-10;10;0;-120;-250;-20;0
110;0;0;-80;-260;-210;-10;70
160;80;0;10;-120;-110;10;-60
10;20;0;-20;140;110;-40;50
60;10;-10;-20;-120;-180;20;0
40;-20;-10;-30;150;260;20;30
-220;0;50;20;40;-90;-30;-100
30;70;100;180;80;-350;30;140
-110;0;0;20;-150;-250;0;240
-120;-40;0;-20;0;130;0;50
-130;-60;40;90;-110;20;-10;-20
0;-10;10;0;-400;-170;-10;40
-120;0;-10;-20;0;50;20;-30
10;-40;-30;-40;190;210;0;-50
150;40;-30;-20;-90;-270;0;40
120;30;0;20;610;130;-10;-20
-160;-40;0;40;-230;-430;-40;-20
-130;0;-40;-60;150;230;10;-60
-60;-30;-10;10;60;160;30;20
-150;-60;-40;20;220;210;-20;-30
-220;-60;-60;-100;-460;-80;60;40
-150;10;0;-10;-150;-180;-10;30
-300;-50;-20;0;400;300;40;50
-100;-10;0;-10;50;10;-10;-70
80;10;-10;0;410;60;-30;-90
-140;20;10;-20;-480;-320;-20;120
180;20;-50;-70;0;80;0;10
150;20;10;-10;10;110;0;40
160;20;-30;-50;260;30;0;70
-10;-90;-50;-60;350;140;-20;-120
-200;10;10;30;240;20;0;-40
120;20;0;10;-60;10;10;170
250;50;20;50;-60;-280;0;-50
-50;0;-20;20;270;-90;-30;-110
80;0;-10;-20;-140;-40;10;180
20;-10;-30;-40;150;120;20;20
-30;-50;-10;-20;-120;-50;-10;-20
80;20;20;60;-130;-50;10;-20
50;-20;-10;0;-80;-80;0;50
20;-20;-40;-60;140;160;-40;-280
260;80;40;20;10;50;30;50
-70;30;-20;0;10;90;-10;-100
20;-10;0;-20;90;130;30;30
-150;10;30;-20;-660;-240;40;60
-150;-30;-20;0;170;240;-20;-40
-40;10;0;-50;0;240;-20;-70
-50;-10;-30;-30;50;-10;10;-20
100;10;10;10;-90;-130;0;-30
110;-20;10;40;810;150;10;50
-90;-30;-30;10;-60;10;-10;-110
-100;-70;-20;-50;470;280;0;-30
380;20;30;0;-450;-440;-20;10
80;-40;-50;-40;0;50;0;110
-70;-60;-80;-80;600;780;-30;-80
60;10;20;-10;-160;-250;40;150
300;20;-80;-110;260;520;-10;10
-150;-10;50;60;-260;-510;10;-60
-210;-10;0;30;400;100;-10;-30
40;0;-30;-50;100;60;30;90
-30;0;-20;0;100;160;-20;-10
-60;0;-50;-20;-70;150;-50;-110
10;-20;0;0;100;-30;0;20
-90;-30;20;0;30;150;0;0
170;80;30;40;-360;-510;20;10
270;-10;0;-20;80;110;-30;10
-20;-70;-40;-30;230;150;-10;-10
-140;40;60;50;-640;-400;-20;20
40;10;-20;20;190;-20;-40;-60
130;0;10;10;-240;-110;10;30
-10;-50;-100;-120;440;580;60;20
140;20;-10;-20;80;70;50;80
70;0;-60;-50;380;490;50;-30
-30;10;-10;-20;-170;60;-40;30
-700;-90;-10;-50;-60;40;-30;-170
200;0;-10;-10;90;-50;-30;30
360;-20;-30;-20;100;-290;-30;-110
-80;10;-10;-10;90;150;-10;-80
-100;-30;10;-20;-300;-110;10;-50
-130;-50;-10;-20;290;130;10;-10
50;0;-30;-30;30;160;-10;0
120;-30;-30;20;270;130;10;100
200;-40;-20;-10;70;240;-20;-100
10;-10;0;-10;-140;-60;-50;40
80;0;-10;-30;-160;-90;10;90
10;-20;20;20;-50;-190;-20;-60
-120;-40;-20;-20;-150;0;-10;70
-20;60;50;60;-200;-320;20;-10
-80;-20;10;20;110;190;10;-160
-60;10;-20;10;170;250;10;-30
-30;30;-20;-80;-150;-40;-30;-180
-120;-70;30;60;-210;-280;10;60
260;0;10;0;-90;-190;10;150
-140;-20;10;-10;-180;-30;-20;0
-50;10;30;20;70;10;-20;-10
300;50;10;-20;190;-110;-20;20
50;-10;10;30;-170;-30;50;0
210;20;-30;-80;80;-190;-10;110
-10;-30;-60;-70;190;370;30;140
-30;30;60;60;-190;-410;0;120
-100;-70;-60;-80;60;390;-20;0
210;100;140;150;-560;-790;80;400
430;40;-30;0;-60;20;10;60
-70;-50;-60;-70;250;550;0;-60
250;-10;-20;-40;50;0;-50;-50
120;-10;-10;30;150;90;0;0
30;0;0;10;-80;60;20;-20
150;-10;-10;10;250;-110;-10;-20
-50;-20;-30;-70;-130;-100;-20;40
-100;0;10;-20;0;110;-40;-60
-140;-10;0;20;-390;-50;-20;-20
-10;-30;-30;-10;80;-90;-10;10
160;40;10;40;-50;-150;-20;0
-60;-40;-20;-20;60;-50;-30;0
-210;-60;-20;-20;-40;150;0;0
-140;-10;-40;-40;60;80;-10;-60
-90;-40;-20;10;20;-100;-30;60
-110;-40;0;10;70;30;10;-80
400;50;-20;-20;90;210;-20;10
-70;-20;-20;-20;-30;100;20;40
-60;-30;0;20;-160;40;30;190
-50;-30;0;-50;-130;20;0;-100
-40;20;20;30;-320;-380;-20;-170
20;-10;0;30;-60;-250;-30;0
-80;-30;0;20;30;0;-40;-120
20;20;50;20;-440;-150;-30;40
-50;0;10;60;60;-90;20;10
-280;-20;10;-40;-200;110;40;-80
-180;-30;10;40;-20;-30;0;-50
-110;-60;-50;-50;500;360;-20;-120
220;50;20;10;-470;-260;-40;40
220;50;20;-20;-190;-140;10;30
10;-10;-10;30;-80;160;-10;-70
-260;-10;0;-20;-270;-200;-10;-20
80;-10;-20;0;60;0;10;20
50;0;0;10;130;140;30;50
-140;0;-30;-30;-10;50;0;-30
-20;-20;0;-20;0;-30;-30;-70
-30;-30;-20;0;220;210;-30;-190
0;-10;0;0;-70;-160;-20;40
-210;10;-20;-10;60;70;10;-10
270;60;10;-10;-70;-190;-40;10
-230;-40;-10;10;20;-40;20;-200
-60;40;10;-20;-60;150;-30;-30
-50;20;10;-30;-330;-310;-20;-20
270;-10;-20;-60;-190;-70;-20;100
130;-10;-20;-20;-240;-270;-10;110
-140;-40;-10;-20;90;210;-20;10
50;-30;-30;-20;350;90;10;-20
-50;-20;-20;20;410;280;-30;-210
-110;-40;20;20;-380;-200;-20;-130
-40;10;10;10;-290;-240;0;50
-20;-30;-20;-50;50;100;-10;30
180;10;-10;-20;120;180;0;60
-70;-10;-20;10;310;20;-20;-70
10;-40;-20;-30;210;410;-10;-90
40;-10;0;-20;-430;-420;-70;30
640;70;10;0;-50;100;10;20
40;120;10;60;60;-210;-30;-10
30;-20;40;20;-230;-250;-30;-10
40;-60;-20;0;310;-60;-10;50
90;10;0;-10;260;190;-10;-80
30;0;-30;-10;140;180;0;90
10;0;-10;20;-340;-230;10;60
-140;0;20;50;-190;-100;70;110
130;20;-20;10;120;-70;10;-10
30;10;10;0;-60;60;-10;-10
-80;-10;-20;-40;250;190;0;0
-90;-50;-10;-30;-190;-10;-40;-90
20;0;-10;0;-100;-50;20;50
10;-30;-30;-40;20;140;20;0
-90;-30;0;-10;30;200;-30;-120
80;-20;0;30;70;-260;-20;10
-100;0;40;30;-250;-110;0;-70
-230;-60;-50;-30;340;380;10;-170
-100;20;40;50;-80;-20;0;-30
-170;-40;-10;0;-70;-60;-50;-140
150;40;10;10;-10;-70;20;50
-10;-30;-30;-30;70;-30;-30;130
140;-40;-20;-30;160;390;-30;-20
90;0;0;10;70;-20;0;40
40;-10;-20;-40;-230;-150;10;10
-130;-30;30;50;-130;-390;-50;-20
60;20;30;20;20;-270;-10;90
-160;20;0;0;-380;-330;-20;-40
30;10;30;50;-150;-330;-30;160
40;20;20;30;-120;-340;-10;-30
-90;20;-20;-10;-60;290;-20;30
50;-10;-40;-30;-70;-130;-40;20
100;10;20;10;-260;-120;-10;20
40;10;0;-30;190;370;-10;-50
160;20;20;10;-10;-150;-50;50
30;0;10;20;-240;-30;-10;-30
60;0;0;-10;-100;140;10;10
-210;-60;-30;0;260;100;-50;-10
130;30;0;-30;-70;-30;30;70
40;-30;-40;-80;570;420;-10;-40
-100;0;-10;20;460;130;0;-20
-60;-40;-10;-40;50;100;10;30
560;70;0;40;-80;-10;20;50
-130;-50;-40;-40;-10;-90;-30;-40
-110;-10;20;10;-80;-30;-10;40
-220;30;-10;-30;-120;150;20;30
-90;-30;10;-20;-90;-110;0;20
100;10;10;0;-60;-110;-10;30
-90;-30;-60;-30;180;230;-20;10
40;20;-10;-20;-130;-230;0;50
-50;-10;-30;0;230;150;-20;-40
410;40;20;20;40;-210;-60;-40
-220;-30;-10;-10;300;70;10;-70
270;0;-10;-20;-240;-240;-30;70
-90;-10;0;-30;-270;-190;10;50
60;20;0;-10;-20;-20;-20;-120
-90;-80;-50;-50;90;60;-40;-10
-110;-20;10;-20;-100;-110;0;-10
-10;0;-10;0;40;-40;-30;60
210;60;20;30;290;60;0;0
-60;10;-20;20;-30;10;10;10
-60;0;-10;-20;-80;-110;-50;-130
40;-10;-40;-50;-150;-40;-40;-60
-230;0;-10;-40;-180;-50;10;60
50;-30;-10;0;70;-70;-40;20
380;10;-20;-20;40;180;10;80
-70;0;-20;-50;-90;150;0;-40
-140;-20;-10;10;-70;-40;10;-10
-60;-10;-40;-70;120;150;-10;-120
0;-20;-20;-50;-30;20;-50;-90
250;30;0;10;40;-190;-20;10
-50;0;0;-50;-110;-160;-10;20
-220;-20;-10;-20;-80;-90;10;20
-50;0;-20;-40;80;-50;0;-30
60;-10;0;-10;350;370;30;-20
130;20;-10;60;150;-60;-10;30
10;0;0;10;-40;-80;-20;0
110;-10;-10;0;130;-50;10;40
60;-20;-20;-20;20;30;-30;-50
40;20;0;0;-210;-60;-30;-80
510;80;20;20;-420;-490;0;20
-240;-50;30;-20;160;-200;20;10
-20;-20;-30;-30;-110;250;0;-10
-120;-70;-50;-20;-70;-40;-10;-130
80;-20;-10;0;80;50;20;-10
30;-30;-30;-10;-230;-190;-30;-90
40;-20;-30;-20;120;180;30;10
520;40;0;-10;50;70;10;70
-150;40;-10;-30;50;-90;-20;60
-210;-30;-10;0;100;50;-30;-10
40;-10;0;-10;-170;-60;-10;-130
280;10;-40;-40;40;-30;-10;90
-10;-20;-30;-20;-70;-100;-10;50
90;-20;-10;-60;-50;-190;-30;-20
0;-20;-30;-40;50;60;-30;-100
-70;-60;-30;-40;-90;-110;-30;-100
-20;-30;0;0;30;-110;-40;-20
0;-10;-30;0;-40;-130;-50;-10
260;-20;-40;-50;320;160;0;-10
0;10;30;70;-350;-50;-20;0
-130;-40;-10;-30;70;200;-10;-10
-60;-30;-30;-20;-10;-40;-10;-50
-50;0;-20;-40;60;90;20;0
10;0;20;10;-40;-250;-20;-60
-180;-50;20;20;-240;-380;-20;-30
-240;-60;-10;10;0;-30;-10;-40
-180;0;-10;10;-140;-80;-10;80
370;70;20;10;100;190;80;130
70;40;30;70;-190;-360;0;0
70;-10;-20;-30;150;130;-30;-90
-20;10;0;20;160;80;-30;-100
0;0;-10;-10;0;-130;10;70
170;40;10;-10;160;-230;20;50
10;-20;-20;-30;-210;-40;-20;-40
-110;-30;-40;-30;50;100;-10;-80
50;0;0;0;140;-10;10;-20
-20;-10;30;80;-550;-320;-40;90
40;-20;-20;-20;60;20;10;0
30;30;-40;-50;140;170;10;10
-10;-40;-40;10;90;20;-20;-90
-180;-30;-10;-10;50;-40;-20;-70
-10;0;20;-10;-140;-30;-20;10
60;20;10;40;-30;70;-20;0
-100;-30;-10;10;-10;-70;-10;-40
-60;-10;-20;-20;170;-30;-50;-110
-20;20;20;10;-210;-260;-10;70
30;-10;-20;-10;-210;-90;-70;-10
10;-10;-10;-10;170;120;0;0
-50;-20;-10;40;150;120;-30;-100
-140;-30;20;20;-320;-330;-20;-30
-130;0;-20;20;-50;-30;-10;-80
-80;-20;-10;-40;-230;-70;-20;60
-110;-30;-20;-20;-40;150;-60;-80
-70;-40;0;-20;90;40;30;0
30;-40;-20;10;-70;110;20;70
0;-30;0;-30;-200;100;-20;-60
120;10;20;40;-110;230;0;-10
-140;-60;0;40;-110;-220;-60;-180
-70;10;-20;-20;140;130;-10;-90
480;60;20;30;-170;-160;0;100
-80;-30;-20;-30;20;-140;-20;50
-20;30;20;20;-360;-150;-10;70
80;-30;-50;-50;50;0;-30;-100
-100;-20;10;0;-110;50;-30;-40
20;10;10;-40;-130;60;30;190
20;20;20;20;-40;110;30;60
80;-10;-10;-30;-180;-310;0;-20
-60;30;-20;-10;30;120;0;-10
10;-20;20;50;-10;-140;-20;-10
150;-20;-40;10;440;330;0;-10
0;0;-10;-20;-90;70;0;0
0;30;10;0;-340;-300;0;30
-330;-40;0;50;-220;-230;-40;-100
-80;-20;10;0;30;-100;-30;-20
-20;0;-20;-20;280;270;20;-10
-170;-40;0;-10;50;-90;-20;110
-30;-30;-50;-20;140;190;20;-10
460;60;0;-10;-370;110;50;80
-130;0;-10;-30;-170;-110;-40;-70
-50;10;30;-30;80;90;-30;-10
-50;-20;-20;-40;0;230;-50;-50
-220;-30;0;10;-100;-350;40;320
-70;0;-20;10;-110;-50;-30;-50
-70;0;-20;-20;-70;-80;-20;-50
-150;-10;-20;-40;180;80;20;-110
-60;20;0;20;-310;-570;-30;60
-220;-50;-50;-40;-230;230;-30;-130
10;-10;20;-20;240;-100;10;40
-220;-40;-30;-50;20;170;20;-60
90;20;-10;-40;-80;-100;-50;-20
30;10;-10;-10;-20;-60;-10;-20
-150;-70;-20;0;170;140;10;-50
-30;20;0;40;20;-160;0;-20
270;90;20;0;-310;-110;0;60
250;40;-10;0;-280;-230;-20;20
-180;-10;10;-10;-330;-290;-50;-100
-140;0;20;30;-20;-240;0;-50
100;-30;-30;-30;60;-10;-50;-50
30;-40;-30;-20;160;230;-20;-40
-30;-10;-30;-40;220;160;20;0
70;-20;-20;10;500;210;30;20
80;0;10;20;10;-80;-40;-80
-80;-40;40;20;-210;-120;10;50
50;20;0;20;-130;-130;-20;-40
0;-30;-20;-10;-430;-380;-80;0
-20;20;0;-20;200;-50;10;110
100;-20;0;10;40;-20;-20;60
40;-30;-30;-50;30;280;30;30
-40;20;-40;-60;-60;80;30;40
-70;0;0;30;0;110;-10;100
10;0;-20;0;60;60;20;-90
-160;-30;10;0;-50;50;0;-90
280;40;-20;10;-60;20;-10;130
-140;-10;-30;-50;70;100;-10;-80
10;-50;0;0;10;-40;-10;-40
20;10;40;70;-230;-270;-20;-40
10;-10;10;40;-50;-80;10;-30
510;40;-10;-20;110;210;10;-170
-20;-20;-20;-20;-170;-40;-40;-10
-160;-70;10;20;-160;-230;0;-10
-100;-40;-30;-20;280;290;10;40
80;-10;-10;-60;-10;-30;-20;-50
120;20;0;40;-230;-200;30;100
-20;-20;-30;-30;130;100;0;-40
440;0;40;20;-250;-180;-30;-40
50;10;0;20;260;180;70;20
-60;-50;-20;-70;220;70;-10;-40
50;60;60;70;-410;-440;50;70
270;10;-10;-20;360;300;-10;30
-270;-30;-20;-50;-180;0;30;-60
0;-40;-20;-30;-270;-20;-50;-40
0;-50;-40;-40;-180;-100;-20;-50
-70;-30;10;30;150;120;0;0
-70;-50;-60;-70;470;410;20;-40
-20;50;60;50;-400;-450;0;170
-60;40;-30;-50;-180;10;-30;-20
-10;-60;-20;-10;200;210;20;-50
390;10;0;-40;0;130;10;-110
-110;-30;20;-10;-270;-230;-30;-70
300;0;-20;-10;90;50;10;110
-310;0;10;10;30;140;-20;-50
-20;-20;-30;-20;340;440;10;-10
-50;20;20;50;60;-120;50;280
100;-20;-40;-50;-200;-90;-60;-30
200;70;40;90;-30;-300;50;-10
-20;-50;0;-30;-60;-80;-20;-80
130;10;-40;-40;380;280;10;-20
-10;-20;0;0;0;60;0;30
-40;-20;-10;0;-290;-160;-30;-20
-30;-90;0;20;50;120;0;-20
-230;-70;-20;-60;190;370;10;-50
-30;30;10;30;-100;-140;-20;-50
170;10;10;0;-290;-360;-40;90
-20;-70;-40;-80;160;440;10;30
10;10;10;-10;-210;10;-20;-80
-10;0;-20;-30;-50;-130;-40;-50
10;10;10;-10;-50;-160;-20;-20
-110;30;0;-10;-290;-290;-50;-20
-240;-60;-30;-20;-250;-120;-10;-80
640;190;0;0;-90;-110;90;340
-130;-30;-10;-10;-30;-150;-30;-10
140;-40;-30;-60;-130;110;-10;-50
-70;30;-10;-30;280;190;10;50
-230;-30;10;-20;-170;150;-30;-80
-10;-30;0;50;150;230;20;-50
-240;-50;0;-20;120;100;10;-30
-100;-40;-30;-40;-130;-190;-10;-10
-90;-30;-50;-60;70;40;-10;-10
300;70;10;40;-60;-30;40;40
-90;-30;-20;-20;310;110;-20;-30
630;40;-30;-40;70;90;0;40
-40;10;40;20;-230;-30;-20;-70
-130;-40;0;0;100;50;-40;-90
0;100;50;100;-220;-430;0;-60
390;10;-40;-40;220;480;40;80
-140;-50;-40;-50;200;220;-20;0
-30;-20;-50;-30;200;140;-10;0
-10;0;20;-10;330;-110;-20;-30
-30;10;30;40;-60;-110;20;150
-60;0;0;0;-150;-100;0;-30
-120;-10;10;10;-10;-200;-60;-20
-50;-70;-50;-40;210;380;-30;-100
-120;10;0;20;-130;-100;-20;-120
50;-30;-50;-30;110;60;10;60
10;-10;-10;20;-60;-40;-40;-30
390;80;20;60;110;-140;10;80
-40;-20;-30;-50;-150;170;0;-70
200;20;-20;10;170;170;0;-90
-80;-10;-20;10;40;-70;-20;-30
-170;-40;10;10;-80;-350;-10;10
-200;-60;-20;-40;-160;170;-50;-60
140;20;10;30;-60;-240;-30;90
-60;-20;0;20;-360;130;0;0
-120;-60;-40;-40;50;-50;-40;-80
-70;-30;-30;-50;20;250;20;-40
-150;-30;-20;-10;90;170;-60;-140
-100;-30;-10;10;170;-220;-40;50
-130;20;30;40;-40;10;10;-70
-20;10;-10;30;280;390;30;20
-210;0;10;0;150;150;30;-30
-80;0;-20;-10;-220;-250;-10;-100
-40;-60;-50;-30;150;340;0;10
-120;-40;10;-10;0;-250;-70;-50
-30;-10;-20;10;530;300;-10;-80
-230;-40;-20;-50;-230;140;0;0
-50;0;-10;-10;-70;90;20;40
200;40;-10;-20;-130;30;0;30
-110;-50;-10;-10;140;20;10;20
190;30;10;10;20;-80;-10;160
-10;0;20;10;280;60;20;20
-70;-20;-30;-30;-20;-130;-40;-30
-50;-10;-10;-20;80;-130;-10;10
-70;-10;-20;-30;160;190;10;10
-100;-40;-10;-30;320;210;-20;-80
-100;-10;-20;0;-320;160;40;-50
90;0;30;10;20;-70;-40;20
360;70;-10;0;30;60;40;90
-60;-30;-30;-70;320;240;20;-40
-90;-10;-40;-20;90;30;-30;-20
0;-20;-30;-30;-70;200;-10;-130
-20;-60;-20;20;-160;30;-10;-10
50;-10;-20;-30;450;450;20;-20
130;40;30;70;-150;-170;0;-10
270;70;0;-20;-430;-330;-30;-80
20;0;20;-10;250;-100;-20;-40
400;10;-10;-60;30;160;-30;30
190;-20;-50;-50;330;180;0;20
-20;20;-10;-40;120;-40;-20;60
-10;-30;-20;10;-250;-220;-20;60
-40;10;20;0;-60;-200;-20;-100
-110;-30;-10;-10;-160;-300;-40;0
-100;-20;-40;-10;440;410;40;-70
-150;10;0;30;-80;20;-20;0
120;30;20;20;-360;-460;-10;30
320;0;-10;0;100;40;-50;50
-300;-60;-50;-80;-160;0;10;-70
-100;-70;-50;-60;260;430;-20;-70
-10;-20;-20;20;100;40;-30;-120
250;30;-10;-30;110;130;-10;40
-270;0;20;10;-270;-250;-20;-10
-30;-10;-10;0;-90;110;20;-10
-80;20;20;30;-70;-300;10;10
30;0;-30;-10;120;-20;0;-60
-80;-40;-30;-40;20;-140;-20;40
80;-10;-10;-40;-180;130;10;-20
-50;-110;-30;-40;-30;-90;20;130
360;20;-40;-10;30;80;-40;10
-50;20;-10;20;-170;-70;-40;-60
-110;50;30;-20;-310;-170;0;-20
80;20;-10;10;-10;-210;-40;-160
-180;-10;-40;-20;170;90;-40;10
-10;-10;-10;0;80;100;10;10
100;10;30;70;120;-200;-10;20
-20;-40;-20;-20;-70;20;-20;-40
-60;-20;-10;0;-110;60;30;30
-110;-30;-20;-40;110;280;10;-10
40;20;10;-10;50;80;50;60
20;-10;-30;-40;600;340;-20;-50
50;30;20;30;-130;-210;-60;30
0;30;20;30;-260;-100;0;-90
80;-10;-20;-20;420;10;0;0
260;50;-30;-40;-170;10;-10;10
30;-30;-10;-10;50;-50;0;20
160;20;20;-10;-210;-440;-40;0
-80;30;10;10;-150;-120;-10;40
-90;-30;-10;10;250;-110;-20;-20
40;50;20;60;30;280;10;-20
-40;30;40;30;-380;-340;-40;-140
-10;-10;-10;-10;-360;-260;0;80
480;10;0;10;170;110;50;100
400;40;10;0;-430;-530;-10;100
-90;20;-10;-10;530;240;20;80
-10;-10;-10;-20;230;220;20;10
-20;10;10;-10;-250;-170;-10;40
-90;-10;0;10;300;160;30;0
-60;-50;-10;0;10;20;0;-10
-120;-90;-40;-70;350;230;0;-40
-10;-20;0;30;270;70;-20;-50
40;40;-30;-30;110;150;20;50
160;50;50;100;-180;-310;-10;30
420;60;10;80;350;20;-10;0
-110;10;50;30;-320;-480;-30;10
-40;10;20;30;-40;30;10;0
-50;-30;-30;-50;-50;-30;-10;30
90;-10;-20;-40;60;70;10;40
-60;-20;-10;20;200;20;10;-20
110;20;0;-20;-340;-230;10;0
-50;-20;-20;-20;110;130;-20;-20
30;20;20;10;170;140;20;-50
-20;40;10;-50;-310;-100;10;40
-100;0;0;20;90;-30;-60;-80
50;-20;-40;-60;20;50;20;30
-50;-50;0;10;220;100;0;-40
10;-10;-10;10;-220;30;0;70
180;10;30;50;-130;-310;-20;-20
-80;20;0;0;-450;-230;0;20
60;-20;0;30;-120;210;20;10
60;30;-10;-30;-130;60;0;70
90;-10;-20;-50;110;180;-10;-40
0;-10;20;40;-200;-310;-10;20
50;-40;-40;-30;110;220;0;-10
-130;-30;0;10;-150;20;-50;-10
150;50;20;50;190;40;10;-20
40;-20;-40;-40;-190;270;0;10
70;0;-20;20;240;20;-10;-10
-30;0;-10;-20;-220;-130;0;-100
-150;-40;-10;10;130;-40;-50;-60
10;-30;-20;-40;90;80;-20;10
100;40;-10;0;-40;-60;-20;30
-170;-30;-30;0;0;120;-10;-60
-100;-10;30;40;-210;-290;10;0
130;30;20;10;110;120;30;150
410;-20;-60;-100;-90;230;-20;-10
230;40;-20;-40;270;50;10;30
-250;0;30;30;-170;-80;30;90
-80;-60;-50;-60;370;90;-20;-20
-100;-60;10;-10;0;20;10;30
0;60;20;100;590;-120;20;0
-50;20;20;40;-180;-160;-10;-50
-130;-30;-30;-60;-250;140;10;0
-70;30;60;80;-410;-690;-20;0
-210;20;-30;-30;430;230;20;0
90;-40;30;40;-240;-190;-20;-110
330;-10;-40;-70;60;340;70;390
-190;-40;-20;-50;-130;-30;-90;-150
0;40;10;40;-40;120;30;40
-60;-130;10;20;-330;-60;-40;-50
-160;-80;-60;-100;20;230;-60;-90
10;20;0;-30;80;0;-70;60
-260;-90;-10;-20;-10;50;10;-50
-390;-70;-10;20;40;-240;-30;-50
-60;-60;-90;-170;90;120;-20;-80
20;60;0;20;-320;-170;-20;-80
130;0;50;0;-420;-590;-70;40
-200;-60;-60;-40;370;450;40;-60
50;0;-10;10;30;-200;0;30
-60;-80;0;-10;-690;-670;-80;30
-60;0;40;30;-10;-220;70;30
70;30;10;-10;-370;-340;10;-40
480;-90;20;30;-60;-260;20;220
-70;10;-20;-40;110;170;-30;-70
-180;-60;-80;-140;420;130;-60;-10
-60;-100;40;90;-380;-610;30;-10
-180;20;20;0;170;-310;-30;-40
-200;-30;-10;-10;-350;-110;-40;-260
50;-10;-10;-10;750;640;60;110
170;-10;-10;0;-90;0;10;-30
60;60;20;20;-200;-240;0;-40
-160;-40;0;-10;-240;-60;-30;-80
-120;-10;-10;20;210;120;0;-90
40;-70;-60;-80;360;460;-10;-20
-10;-30;-30;-10;30;420;0;-40
130;-30;-30;-10;-150;-90;-80;-120
-180;-20;50;90;-490;-520;0;-130
-50;-20;10;0;30;-90;0;-10
-70;-10;0;-10;40;70;0;10
380;20;-20;-90;110;100;-10;20
-70;0;10;-40;-110;-30;20;40
30;-10;-40;-190;-50;30;20;-20
110;40;20;100;-60;-50;-30;40
-20;-10;30;130;-40;-80;-10;0
720;80;60;80;-190;-330;-10;80
-90;-50;-70;-120;920;360;20;10
220;10;20;10;-70;-40;-30;10
-140;0;10;40;240;30;20;-80
-170;-50;-90;-130;210;140;0;-10
-270;-30;10;40;40;-100;10;30
-30;-10;-10;10;60;140;-20;-10
-90;-10;0;10;-100;-70;-10;-20
40;-20;-40;-10;120;110;-10;40
60;-60;-120;-180;460;180;-50;-30
-120;-30;50;50;-90;40;-10;-40
-20;20;30;70;20;60;10;0
20;-20;0;20;-90;-410;-10;0
110;30;40;50;-80;-90;-10;0
120;40;-50;-60;-20;150;-20;70
60;-40;0;-10;30;40;-20;10
20;0;10;-10;10;-120;-20;-80
100;-70;-70;-100;250;110;10;-20
30;-10;0;-40;-280;-180;10;100
-120;-10;-40;-40;100;370;0;-90
-100;20;10;20;-220;-310;-40;-80
230;20;10;20;100;70;10;50
-50;40;-20;40;450;230;0;-50
-80;10;10;0;-170;-120;0;-110
80;-30;-10;0;-60;60;0;-10
140;20;0;-50;30;30;0;50
70;-20;-20;-50;60;0;-20;30
0;-20;-10;-20;-90;-190;-20;-60
-100;-80;-60;-60;-290;-30;-10;-90
130;-30;20;30;-100;-170;0;30
40;0;-40;-80;190;140;0;-10
-110;-40;40;0;-510;-520;-40;-40
-70;-50;-40;-20;-20;270;10;-70
60;30;-10;-10;100;-10;0;0
60;-20;10;-10;-300;-280;10;10
-30;20;-40;-20;160;100;-30;-50
50;30;10;10;-130;110;-10;-10
-130;-10;0;-10;50;40;10;20
240;-30;10;10;-130;-370;-30;-10
-50;-30;-20;-40;-70;50;-30;-40
-50;-40;-40;-30;70;290;-20;-20
50;40;-30;-10;-200;50;-10;-70
130;20;10;-10;-160;30;-30;50
-140;-60;-40;-50;200;350;10;-70
-70;-40;30;0;330;-50;0;-10
-70;-80;0;40;150;200;-20;10
90;-90;0;0;90;10;0;-30
-100;60;30;10;-10;-60;40;50
40;30;10;-20;-200;210;30;-50
0;30;20;30;-100;-320;20;80
-70;-30;20;20;-200;30;-10;20
-290;-50;-10;40;580;10;-60;-230
-40;-40;-30;-10;-290;-90;-30;10
-80;10;10;-20;-110;-300;20;120
130;-10;-30;-20;0;130;0;10
320;30;20;10;-280;-100;-20;0
250;20;-10;-40;-250;-130;20;80
-110;20;30;40;-460;-520;-30;-60
-90;10;0;60;290;90;50;110
20;-10;-20;-10;-510;120;10;0
-50;-10;-10;-10;100;-40;-20;-40
0;0;-10;0;70;-250;-50;-20
80;-20;10;-30;-350;-180;-10;20
0;20;-40;-50;390;330;0;0
-30;-30;-20;-10;110;60;20;-40
50;-10;-10;-20;-10;-130;-20;20
150;60;10;0;140;110;30;110
50;10;-20;-20;-30;-50;10;60
310;40;10;0;10;80;-10;10
-180;-10;0;0;-260;-40;-50;-120
-160;40;30;10;80;-270;0;30
190;30;30;50;10;-140;20;230
40;-10;-10;-20;-120;30;-10;-60
-90;10;0;-20;-260;-250;-20;70
-60;20;30;10;-20;-170;-10;-30
-200;-40;-10;-30;-230;-140;0;-40
-120;-10;20;-10;-10;-110;-30;-70
30;-20;-60;-80;0;230;30;10
20;10;30;60;-80;-10;0;-30
-40;-10;-20;-30;-20;-20;-10;-30
40;-90;-30;-70;280;220;0;-30
50;-10;-10;-20;-170;20;-20;0
30;-20;0;10;-100;-180;-10;20
90;20;-10;-10;-90;-10;-20;30
-130;0;0;-10;-180;-50;-20;10
270;20;10;30;-140;250;20;10
20;-10;-30;-80;-40;90;10;30
-90;-40;20;10;-110;-150;-70;-50
-70;0;-30;-50;140;280;0;10
80;10;0;-20;30;30;20;30
0;-10;0;20;110;-280;-30;0
-10;-10;-10;-10;30;170;-20;-60
-90;-20;-40;-60;150;220;-10;20
260;10;-10;0;90;180;0;-30
40;0;-10;10;260;50;20;-80
140;40;30;40;-360;-210;-10;90
-150;-40;-20;-30;-110;50;-10;40
180;60;0;30;-130;-170;-20;0
10;-10;-20;-30;90;-220;-10;-30
-60;-20;10;-30;140;60;0;0
-110;-70;-40;0;440;390;10;-20
-80;0;-20;-30;-410;60;10;-30
80;10;-30;-20;80;-50;-50;-20
-100;-10;-20;-30;110;250;10;-80
-100;0;10;30;-160;50;0;-60
-30;-50;-20;-20;170;20;10;-20
20;40;10;10;60;-260;-30;-30
-140;0;10;30;-120;-20;10;-30
100;-30;-40;-30;120;180;-20;-20
80;-30;-50;-50;-110;100;10;60
0;10;20;10;10;-40;10;40
180;30;-10;-20;-30;10;20;140
-140;50;10;10;-200;-250;-70;-30
250;30;40;50;-40;-60;20;100
90;30;20;30;80;-100;10;10
-140;-30;-50;-50;-200;230;-20;-30
-30;-50;-50;-30;180;180;-50;-60
100;20;-20;-10;20;-190;20;250
170;70;50;110;80;-140;10;-70
60;20;30;40;190;10;-10;-20
-90;-40;10;-20;50;-170;-30;-150
-140;-50;-20;-30;230;60;-30;-90
250;0;-20;-20;-70;160;-60;0
420;50;0;-50;-310;-140;10;-20
-170;-40;40;20;310;-200;0;-40
-80;10;30;90;230;10;-30;-110
0;0;-10;-20;-120;-80;-20;20
20;0;-10;0;30;120;20;-50
-90;-30;-10;-50;-50;-10;-10;-30
-200;-60;-40;-50;-180;-40;-20;-60
80;0;-30;0;210;220;-40;-130
-20;-30;-20;-30;160;310;10;-10
-70;-30;-20;-30;120;260;-10;-50
120;20;0;0;-50;280;10;50
30;30;50;150;-200;-60;-20;-20
50;0;-30;10;250;270;30;60
-70;-10;-10;0;-90;50;0;-60
190;10;0;-20;-30;-130;-30;30
-70;40;10;20;-140;120;0;10
-30;20;0;10;340;10;20;-20
-200;-80;-10;10;150;80;-60;-100
-100;-20;20;30;130;-50;-50;-70
110;-10;-10;0;80;40;-20;-30
-270;10;20;10;-240;-280;-40;-90
10;20;0;-20;110;90;-20;-200
70;-20;-40;-40;50;-60;10;0
-180;10;0;0;60;-50;-40;-210
100;10;30;-10;-230;-200;0;100
140;0;-10;-60;50;-30;-30;-10
-50;0;10;0;30;-20;20;40
-160;-70;0;-40;200;-170;0;30
30;0;20;20;-120;-240;-30;130
-70;-40;-50;-60;-40;120;10;-50
80;20;-10;-10;-100;-190;-20;10
-130;-30;10;20;40;130;10;-70
20;-10;20;40;-140;120;-20;-60
130;20;0;-30;-650;-270;-10;30
-300;-50;10;40;-20;-160;-30;-110
100;0;-10;-10;-80;110;0;-10
-60;-30;-20;-20;-20;80;-10;30
30;0;-10;-50;-130;-160;-10;70
250;70;-10;0;-100;110;0;80
90;-10;-40;-50;-30;-150;20;30
0;-10;-20;-20;-110;10;-20;20
30;-40;-10;10;210;-10;-50;-110
50;0;-30;-30;180;200;0;-30
20;-20;-40;-20;100;220;-10;-30
-100;-80;-50;-60;-160;370;-10;-50
100;10;10;30;350;60;20;30
-180;-30;-30;0;-130;220;30;-70
0;10;20;-10;20;-130;0;30
60;20;-10;-10;160;0;-30;20
-60;40;20;-10;-140;-340;-10;-30
420;0;-20;-20;-40;10;0;20
-80;0;0;10;-180;-120;-60;-60
-240;-40;-20;-20;70;100;-30;-80
-50;-10;20;60;-20;140;-40;-40
-290;-50;-20;-20;-130;-70;0;-70
60;20;10;10;150;-100;0;50
-120;-40;-50;-50;60;80;10;-10
90;20;-10;-10;90;90;-10;-10
-250;-10;-10;10;150;120;30;30
-40;-40;20;30;-80;-180;0;-30
-70;0;-10;-10;150;110;-30;-50
-190;-50;-30;-60;-130;-150;-50;-60
-10;-10;0;0;-20;-10;20;-30
-20;-20;-40;-40;280;140;-10;-20
-60;-50;-20;-20;320;150;20;-110
50;0;-20;-40;-130;-120;-30;-40
90;10;10;40;-160;-100;-10;90
-90;-20;20;40;30;-150;20;-60
130;20;-10;-10;170;10;10;-10
-30;0;20;40;-460;-340;-20;-10
20;10;-10;20;280;220;10;10
0;-30;-20;0;290;130;-20;20
150;-10;-10;-50;-50;-60;10;80
50;0;-10;-10;50;160;100;190
-280;-50;-60;-70;60;40;-40;-110
-10;-50;10;20;-90;-60;-20;-30
70;-30;0;-60;-130;-130;30;40
100;-20;-30;-40;110;0;-10;30
30;-30;-30;10;-230;-30;0;-160
80;60;20;50;-240;100;0;50
80;-10;0;0;210;10;-40;-120
-280;-40;60;100;-310;-470;0;-30
20;0;10;30;60;-190;-60;0
-80;10;-20;-30;280;200;-10;-110
410;10;0;-40;-470;0;-80;20
30;-20;-40;-50;150;-100;0;20
140;0;-20;-40;80;-10;-30;20
-80;10;-30;0;-50;-170;0;20
290;10;0;0;-100;-220;20;100
430;10;-10;-10;200;190;-10;-40
280;10;-30;-20;-30;110;30;40
-250;-30;0;30;50;-40;0;-70
200;60;0;-20;-140;-410;-30;0
-100;-30;0;20;150;-40;-30;-80
-40;-30;-30;-20;200;-60;-10;-30
20;10;0;-30;-120;-150;0;70
-50;-30;-20;-30;70;70;-30;-50
90;0;0;-20;-570;-450;-20;30
160;10;-10;0;-10;40;-30;-30
20;0;40;10;-100;-280;0;-20
580;60;-10;30;-70;-30;-10;20
-150;-60;-30;-50;270;370;-20;-20
-50;0;0;30;40;-160;-20;10
-70;-10;0;-10;-160;-80;10;-10
180;10;-30;-40;310;240;10;120
-170;-20;-10;10;-160;-270;40;170
-120;-60;-30;-20;360;370;-30;-120
-70;20;10;20;-240;-90;-20;-40
340;20;-30;-10;210;290;10;50
-90;-40;-10;-10;-80;-50;-20;-60
-50;0;10;10;-100;-60;-10;-50
50;-10;-20;-40;-90;-180;0;60
-60;-10;-20;0;-90;30;0;70
130;10;-10;-20;-200;-300;-20;20
20;40;-20;-20;210;160;70;-80
190;30;-30;-80;-10;210;30;120
20;0;40;70;110;40;0;-10
-240;-80;-30;0;620;290;-30;-180
-30;-40;-20;-20;70;230;0;-10
-110;-30;0;0;-90;-150;-10;20
-60;-20;10;30;-220;-240;-20;-50
270;10;-30;-50;10;220;10;100
-270;20;30;30;30;-30;0;-60
50;40;30;20;-220;-50;0;0
10;-30;-50;0;40;140;-10;10
-70;-10;10;-10;-270;0;-10;-50
70;-10;-20;-30;120;80;-10;-10
120;20;10;20;-100;-60;10;-10
350;10;10;10;120;30;-10;60
-10;0;30;10;0;-90;0;20
-110;-20;-10;0;110;220;0;-60
80;-20;-10;0;-30;-20;0;30
-80;30;50;40;-240;-200;-40;-60
10;10;40;10;-550;-330;-10;-20
-40;-10;-20;-20;120;220;10;0
10;-40;-10;-10;70;80;20;0
50;20;40;10;-360;-430;970;200
80;-20;-30;0;250;190;-140;-30
-80;-40;0;-30;-120;10;-100;-10
110;20;0;0;-60;20;-80;20
440;60;20;-20;-240;-110;0;50
-180;-40;-30;-10;-60;70;0;10
-70;-40;-20;-30;220;170;-10;20
-80;-50;-40;-50;310;230;-40;-110
90;10;20;20;-220;-170;40;70
-30;-10;0;20;-90;-130;0;0
0;-30;-10;-20;40;200;-50;10
-30;-20;-30;-40;190;90;-10;10
-60;-40;-20;20;300;90;0;-60
40;30;30;10;-370;-410;-30;30
-30;50;40;40;-290;-350;-40;10
-150;10;40;20;-490;-490;-30;-10
-190;-110;-40;30;290;260;20;-10
0;20;0;10;330;20;-20;-30
-80;-10;-40;-50;140;120;0;40
140;20;0;0;170;110;40;80
0;30;20;-20;-440;-530;10;0
130;20;-10;-10;-90;100;10;40
50;-20;0;-10;80;330;-20;-40
-80;-30;-20;-10;200;380;-20;-30
-210;0;50;20;-290;-300;-50;-100
-90;0;-10;20;-140;-50;20;30
-20;20;-10;-10;680;100;-10;-70
60;-20;-20;-40;20;-10;-40;-70
50;10;10;-30;-280;-150;-50;-20
-140;-50;-20;-30;110;170;-10;-30
20;-20;-30;10;20;130;10;0
290;30;10;20;-10;-40;40;150
-70;10;-10;-10;-220;-210;0;50
20;0;-10;-40;60;-10;-50;-80
-30;-30;-40;-30;10;-30;-20;10
120;-10;10;20;50;-30;10;10
130;-10;-20;-60;20;-10;-30;10
-70;10;-10;-20;180;80;0;-20
100;10;0;20;-110;-40;0;40
600;110;0;-40;-270;-350;-10;210
-30;10;0;-20;-90;110;10;80
-30;0;30;70;-20;-170;-10;-30
30;-30;-10;-30;120;-50;-10;50
400;20;0;0;-110;-10;0;40
-130;0;0;0;-80;120;0;-60
120;10;0;0;80;10;40;20
-50;0;-20;-40;-120;-60;-40;-40
-80;-50;-30;-20;190;270;-20;-50
-150;10;30;40;-10;-300;0;-40
-110;-30;0;0;-440;-480;-20;30
-30;50;10;10;-170;-210;-20;-80
270;30;0;-40;160;10;-20;-60
-20;-10;-10;0;-110;-170;10;0
-10;-20;20;30;-60;60;10;40
-120;-10;-20;-20;130;300;-10;0
-30;10;20;20;-90;-80;-20;-60
180;50;10;30;60;20;-10;10
-170;-40;-40;-20;70;-120;-10;-150
-20;-30;-20;0;20;280;-40;-20
-20;-30;-20;-50;190;70;-10;-20
90;20;20;10;-150;-90;0;50
0;0;-10;-10;100;-60;-10;20
-130;-30;-10;20;210;140;-30;10
-110;-20;-20;-20;-250;-130;-20;-60
450;50;-10;10;-130;-60;30;90
-100;0;-10;-30;50;60;-20;-100
-90;-20;-40;-40;310;520;60;10
80;-10;-10;10;-70;80;-30;20
-120;-20;-20;0;-80;-110;-30;-30
-80;-40;-20;-20;240;300;30;20
-80;-20;0;30;30;-100;-10;-30
20;0;-10;-40;-50;-10;-20;-60
-90;-30;10;30;70;70;-40;-40
-90;-40;-20;-30;-110;90;20;-60
30;-10;-30;-50;170;240;-30;40
50;-20;-30;-50;290;-50;50;50
280;10;-20;0;-150;-370;-50;-10
-50;-10;-30;-60;-70;80;-20;0
100;10;0;-20;-320;-50;0;10
-270;-30;-30;-30;100;140;10;-60
110;20;10;30;-120;-290;0;40
30;30;10;10;-200;30;10;20
-30;-10;10;0;-40;90;-20;-10
70;-10;-10;20;110;80;50;150
170;-10;0;30;20;90;20;20
-150;50;60;40;-480;-270;-10;-90
70;0;0;10;370;-30;-10;60
110;0;-50;-40;140;240;-10;-60
-50;-30;10;0;220;330;20;20
-30;-20;-10;10;-70;-20;-10;0
30;0;20;60;-760;-320;20;0
-50;-10;-40;-30;360;210;30;-20
80;-10;-10;-20;-60;20;-40;-50
-80;-20;-10;-20;140;90;-20;-10
110;30;20;-20;20;-40;-20;20
-280;-20;0;0;-260;-190;-10;30
-60;-20;0;10;360;-60;-10;-20
10;-40;-10;10;-10;100;-10;-100
-70;0;0;-40;90;0;10;0
20;-10;-20;10;170;-10;10;30
-10;-10;0;-30;-450;-320;-40;0
0;-20;-10;-30;180;-210;30;40
-10;0;10;30;-170;-70;-40;0
-70;10;10;10;40;-60;10;0
-30;-10;-30;0;-150;-20;-10;-40
-40;0;-20;10;90;-60;-10;0
-10;50;50;60;40;-140;20;-20
40;0;0;20;0;-60;-20;-50
-90;-40;-40;-50;190;290;20;-30
30;-20;-20;-40;-90;-70;-40;-40
-250;-40;0;20;100;10;10;-10
-100;-30;40;70;-70;-100;-20;-40
10;10;-10;20;50;-20;40;110
-90;0;0;10;-290;-360;-60;-10
140;-10;-20;-50;10;130;10;10
-110;-20;-40;-40;30;120;-20;-40
-60;-30;-40;-30;30;-10;-20;0
-30;-40;-40;-10;220;310;20;20
170;40;0;-10;-210;-290;-20;40
-220;40;40;50;350;-130;50;-10
-40;-40;-30;-60;10;20;10;60
20;-20;-10;10;240;120;-20;0
-60;10;40;10;-120;-130;-30;10
80;40;0;-10;30;30;-10;0
-130;-20;10;10;230;60;0;-110
-80;-10;10;20;180;-130;-10;-20
20;10;0;0;-120;-340;-30;40
10;20;10;0;-390;-150;-40;-50
-160;-30;-40;-10;60;10;-10;-60
-80;-10;-30;0;280;150;20;-30
40;-10;-30;-80;-100;-90;-30;20
-40;-10;0;20;-140;10;-20;-50
-20;-30;10;30;110;-50;20;50
60;-20;-40;-40;50;80;-40;20
760;110;20;10;-710;-420;30;260
-100;0;-20;0;-140;-60;-10;-20
-90;-40;-30;0;260;300;30;-40
40;-30;10;-30;10;110;-20;-50
-40;-10;-10;20;110;-120;0;10
-40;30;20;20;-460;-450;-10;-150
-110;-90;-70;-110;170;420;10;-20
-70;-20;10;10;-100;180;-10;-60
-90;0;-20;0;10;30;10;-10
0;-20;-10;0;20;-20;10;20
80;20;-20;-40;-230;150;10;0
-80;-10;-30;-30;70;-140;10;70
-230;-60;-20;-50;-110;50;-30;-50
-170;-20;0;50;200;180;20;-70
140;60;0;-10;-50;-110;20;50
100;-10;-30;0;-120;-50;-10;30
-50;-10;-20;-30;160;190;10;-30
-70;-10;10;-20;-20;-150;10;0
-10;-10;0;-20;-120;20;20;-10
-60;0;10;-10;130;240;0;-10
-10;-20;-20;-30;-40;60;20;-40
130;30;0;-30;-40;-80;-10;0
-110;-20;0;0;-450;-120;-50;-70
60;30;0;-20;-60;-230;-30;0
-150;-40;-20;-30;70;110;20;-10
-40;0;-20;0;350;90;-50;-60
170;0;-30;-10;310;490;20;-30
320;0;0;-10;60;230;30;0
-120;-40;-50;-70;20;110;-50;-110
-80;-10;-10;-10;150;80;30;30
570;110;20;40;40;-220;20;200
-190;-40;-10;-30;50;360;-20;-70
300;60;40;10;-350;-530;-10;100
-140;-20;-30;-40;-280;-40;-40;-30
-150;-40;-10;0;250;90;-10;0
0;-20;-40;-60;120;120;-10;-60
80;-20;-40;-70;60;-40;-30;60
-80;-70;-30;-90;130;190;10;20
250;10;-50;-90;330;230;-10;50
-100;10;-40;-40;80;170;-20;-10
-80;-10;10;-10;150;-10;-30;-50
100;0;10;30;120;0;30;30
10;-10;0;-10;-190;-50;10;20
-110;-40;-40;-60;60;40;-30;10
10;-20;-10;40;-50;-40;10;0
-50;-10;10;0;30;-20;0;10
-100;0;10;0;-40;-120;-30;10
80;20;-10;30;110;270;40;40
-10;-30;-20;-40;-20;110;0;30
0;-30;-40;-50;20;130;10;10
-10;-10;-10;0;-110;120;-10;-40
-210;-30;0;20;-80;-70;10;-10
560;90;10;-10;-420;-260;-20;100
-100;-30;-30;-10;280;180;0;50
-10;-20;10;-20;-50;100;0;40
-30;0;-10;-20;40;70;30;0
-10;-30;-10;-10;-70;50;0;-30
-60;50;10;40;40;90;40;40
340;90;0;-10;-240;-260;0;50
-50;30;50;90;-80;-280;-20;-150
-120;30;10;-10;130;180;10;90
-130;-20;-20;-10;-160;80;-10;-40
10;-30;-30;-70;40;50;-40;-50
-150;-40;-60;-10;240;240;-10;-40
-50;0;-20;40;90;0;10;20
20;0;-20;-50;-270;-80;-20;40
430;40;20;20;50;-50;0;30
-200;-20;-10;-20;70;-120;10;-80
290;30;0;0;-60;80;0;100
-20;0;-20;-20;-80;-30;0;-10
-50;-50;10;0;-140;-270;-20;-60
-20;-20;-40;-30;-30;140;-40;-60
10;-10;-10;-20;30;130;-20;-50
0;-20;10;60;160;350;30;0
-110;-30;-20;-20;-150;-100;-50;-10
-130;-30;-20;-50;60;200;-20;-50
270;50;30;40;-220;-270;-10;60
-150;-50;-10;-20;220;210;-10;-70
-50;-10;-20;-20;90;-90;-20;-10
130;0;-10;-20;-250;-40;-10;60
100;20;10;-20;-220;-240;0;50
-220;-40;-10;10;190;170;0;-70
-30;-20;-10;-20;30;0;0;-20
0;-20;0;0;20;-180;-60;-20
-20;0;-10;0;10;120;0;-10
-10;0;0;-20;-150;-10;-20;-120
130;20;50;60;-50;-80;-20;30
40;50;20;20;-140;-200;0;-80
-20;-20;-20;10;150;260;0;-30
40;-20;-20;-40;-40;0;0;50
-130;-30;0;20;-50;-90;0;0
70;-10;-30;0;-80;70;-20;20
-20;50;20;70;-180;-300;0;-50
-80;0;-10;-30;240;350;0;-10
-50;0;-30;-20;20;120;-20;30
30;-10;-20;-30;150;210;-10;20
-190;-90;-40;-70;-60;-20;-50;-80
-220;-40;10;20;160;-20;10;-20
-140;-20;-30;-50;110;120;10;-50
70;20;0;-20;40;90;0;40
-110;-50;0;20;330;-10;-10;-110
-190;-20;-20;10;320;70;-30;-60
0;10;30;0;-350;-230;-10;10
120;0;-10;-10;-350;-140;-10;0
40;-20;-40;-60;180;320;10;10
80;30;0;-50;-170;10;0;80
60;10;10;0;50;-50;10;0
-190;-50;-40;0;400;380;0;-20
10;0;0;30;130;-140;20;40
-60;0;0;0;-110;-300;0;30
90;10;10;0;-140;-200;0;0
-120;-30;0;0;-250;-160;0;0
-30;-40;-40;0;130;340;-10;-30
60;0;0;-30;170;120;10;0
10;-30;-20;10;350;120;10;-20
-10;-30;-40;-50;-130;30;0;10
50;40;60;20;-80;-290;-30;10
-110;20;-10;-10;220;100;10;-150
50;-10;-20;10;500;130;-20;-10
90;10;30;10;-640;-580;-70;70
220;0;-20;-20;-50;30;-20;0
20;20;0;10;-30;0;-10;-60
-20;-30;-60;-30;450;340;10;10
30;20;0;10;-40;-90;-10;-10
-260;-50;-50;-50;440;490;-20;-50
-10;30;40;30;-560;-330;-10;60
60;-10;-30;-30;-290;-20;40;30
-20;-60;-20;-10;10;40;10;-10
-80;20;10;10;-10;-80;-10;-60
170;0;-10;-20;150;-90;-10;10
-120;10;10;-10;30;140;-20;-30
-150;-120;-10;-10;-120;-140;0;100
10;0;-10;-30;-100;-190;-50;-120
30;30;0;30;10;200;20;10
-70;0;0;-50;-330;-150;0;70
90;10;-30;-70;-30;160;0;20
100;40;10;-10;-260;10;-20;20
-210;-60;10;0;-360;-450;0;10
-180;10;-20;-10;120;-10;-20;-60
-30;40;30;60;-90;-80;40;160
30;-10;-40;-20;-290;-50;-20;30
150;-20;-40;-10;70;30;0;70
60;20;30;-10;-80;-470;-50;40
100;20;-40;-100;300;170;10;10
-110;30;-10;20;300;220;-10;-90
-70;-20;20;10;-80;-100;-10;-30
-240;-60;-60;-60;220;-30;-10;-70
70;-10;-10;0;-130;-130;20;70
100;-20;0;-10;-190;-100;-10;20
-10;-30;0;-10;30;170;-40;-160
-110;-20;20;20;-420;-210;-30;-140
90;60;-20;-40;330;110;-30;-100
-110;-10;10;-10;-170;-60;10;0
0;10;30;0;-320;-190;-30;70
-210;-80;-10;60;150;30;-20;-140
-10;-20;-30;-40;20;70;-30;-120
-100;-30;-40;-30;110;200;10;-30
380;10;-50;-60;390;180;10;-20
-170;-40;0;10;-500;-250;-70;-50
-70;-20;-20;-30;-60;40;-20;-60
-230;-10;0;-20;-210;-330;-10;-150
20;-20;-30;-10;340;380;-10;-20
-30;-70;-60;-40;130;230;10;240
20;10;-10;0;360;350;10;-50
-70;-100;-20;-20;100;160;30;-40
10;30;-10;-30;0;-10;0;-60
70;-50;-10;10;60;60;0;-20
-30;20;30;20;-500;-70;-50;-110
-60;40;-20;-40;70;-160;20;130
70;-30;-20;-20;-180;-150;-40;0
40;-20;0;40;150;110;10;-210
-20;-40;0;10;-90;-110;-20;-20
-140;20;10;40;230;-30;-20;-120
30;10;0;-10;-560;-110;10;70
-200;-50;-30;-30;190;220;40;120
120;30;20;30;160;10;20;-10
140;-20;-30;-40;360;220;10;30
-240;80;-20;-30;-190;-100;-10;-140
-70;-40;0;-10;350;150;30;-10
-20;40;70;50;-460;-410;-10;0
90;0;-10;-10;100;60;-20;0
-10;-50;-50;-20;-20;-10;0;70
-80;-40;-20;-20;-110;-90;0;-30
160;0;-50;-20;520;450;10;-110
-150;-50;-40;-10;510;180;-40;-30
260;30;-10;-20;-70;50;-20;-220
-90;10;20;30;40;-120;10;80
520;100;20;30;-100;-40;20;130
-150;-30;-20;0;60;160;20;-10
-20;-10;20;20;210;-100;20;30
-50;-30;-10;0;-270;-210;-30;10
-10;50;20;0;330;10;-30;-10
10;0;10;50;10;-130;0;-50
-200;10;10;10;80;-120;0;-30
-50;-10;0;-30;-720;-310;-40;40
90;0;-30;0;310;610;50;-10
-60;-60;-40;-50;370;240;0;-90
90;0;-20;-50;90;90;-10;0
60;-90;-20;-10;90;10;-40;40
80;30;-10;10;120;-40;40;-10
70;0;0;10;-150;-30;-10;40
-100;20;0;10;260;-150;10;20
-10;-50;-60;-100;150;440;-20;60
40;30;30;30;-310;-130;-40;-40
-190;-30;-40;-50;450;170;20;-50
-30;-20;0;0;-480;-510;10;30
430;50;-10;-10;-80;80;0;20
-190;-20;-30;-40;200;-20;-10;-80
-110;0;20;10;120;190;-10;-80
20;0;0;20;-350;-280;-40;-10
-140;-50;-30;-30;20;-120;-20;-10
-30;-30;0;40;780;320;50;10
-100;20;0;0;-340;-400;-70;-50
-100;-30;0;-30;-40;20;-20;-130
-60;-50;-30;20;120;450;10;-60
-170;-20;10;20;-50;-190;0;20
-230;-20;30;40;-40;-180;-40;-80
-40;-50;-50;-50;250;230;30;-20
370;20;-30;-60;110;220;-10;40
-90;-40;0;0;340;40;-20;20
-80;-20;-20;-30;60;130;10;-80
-80;-40;-10;-10;-10;-150;-10;-10
200;0;-30;-40;130;140;10;100
-520;-30;-40;-10;-30;0;-10;-10
110;0;-10;-30;120;-10;10;70
-330;-70;-30;-30;-40;20;10;0
-90;-60;-10;-20;-40;0;-20;10
-160;-20;-110;-130;370;80;40;60
90;20;40;70;40;10;-30;-30
260;20;-10;50;-70;20;0;30
-110;10;30;80;-30;-120;-50;-120
210;100;40;50;200;100;40;70
-340;-120;-80;0;480;670;40;-60
1000;120;-20;-60;160;110;-30;0
-120;-50;0;40;280;160;10;-80
-110;0;10;-10;-100;110;-10;-110
-10;100;0;-40;-150;-230;-70;20
30;20;10;20;10;-120;-10;-50
200;-20;-20;-20;270;200;20;90
-30;40;0;-30;-150;-250;10;10
40;-30;0;-20;190;20;-20;-10
-30;-10;-30;-40;380;520;30;-20
80;0;10;50;190;150;40;110
90;40;40;150;380;430;70;-40
-50;20;10;-20;-610;-380;-30;-20
540;50;20;20;-310;-270;-40;10
-20;20;10;20;-390;-80;40;-50
-30;-50;-20;-20;-240;170;10;40
-110;-100;-20;-40;570;390;-80;-60
-30;-60;0;30;120;150;40;-30
630;100;60;70;-20;-240;40;170
-230;-90;0;10;570;40;0;-90
-80;-20;0;-10;-60;-50;-10;-10
-70;-60;-60;-40;0;260;40;-20
370;20;20;10;-300;-100;0;80
-60;-70;-30;0;190;70;-20;-30
-100;-100;-40;-100;320;380;30;-20
-160;-60;-20;10;110;100;-60;-50
-230;-10;10;0;-380;-410;-50;-140
-60;-40;-20;-50;50;110;80;10
-10;40;-30;0;160;100;-20;0
510;50;-20;-80;-540;-280;-30;110
-240;10;20;-20;30;110;-20;-30
0;30;30;60;-10;10;30;120
340;0;-20;-30;-550;-50;0;180
-60;50;0;-30;-380;-510;-20;90
-10;-30;40;80;-300;-210;40;-20
-110;-100;-90;-120;90;310;20;-150
-120;-50;-20;-30;-190;-70;-30;-10
480;30;0;-30;320;170;-30;10
-150;-10;10;60;60;-40;0;60
160;50;60;100;-120;-270;-40;-30
-160;-10;20;80;-100;150;0;-50
-20;-60;-30;-60;10;-190;-20;120
-20;20;-40;-100;0;-220;-20;-60
90;30;30;70;-60;-140;-40;-60
0;0;40;-10;-190;-250;-10;50
-50;-100;-20;-60;-120;230;-30;-170
-40;-40;-30;-20;190;180;-10;-100
10;10;-50;-60;240;110;-10;100
30;0;0;10;170;10;-40;-40
-110;-50;-10;10;90;-20;-20;-60
40;-50;10;100;-90;-20;-20;10
10;20;0;10;50;-60;-10;-20
20;20;10;20;-160;-40;-30;-90
-170;-60;-20;-80;-230;-60;-50;-40
40;10;0;0;550;120;20;90
-20;-10;30;90;170;-50;-30;70
520;40;10;60;-60;-100;70;290
-70;0;0;50;140;-40;0;-20
-250;10;20;-10;-300;-240;-50;-100
-90;-40;-10;-50;300;190;-20;-20
-130;-60;-50;-50;270;300;-10;-140
30;0;-20;-40;-100;110;0;-110
30;-40;-40;-50;120;100;10;110
-220;-10;-30;-30;20;80;0;-20
10;30;60;130;-260;-160;-20;-30
-70;-40;-50;-20;-180;160;10;30
-140;-10;10;10;60;-210;-20;-10
-50;-40;-40;-20;400;240;-20;-110
200;0;0;-20;230;70;-60;-50
-100;-60;-30;-10;-50;90;10;-70
70;30;70;120;200;-40;20;-20
20;-30;-20;-40;-370;-20;-20;-70
-50;-40;-20;-70;50;30;-10;20
20;-20;20;30;280;-20;30;30
-170;-10;-30;-40;-80;-80;-40;-40
140;20;-70;-100;-50;-30;-30;-50
50;-30;0;-30;300;130;-40;-150
10;-20;-30;-40;330;80;-20;20
140;40;60;50;-360;-380;40;170
40;-40;-20;-10;-110;-110;-10;70
70;-20;0;10;-290;30;-10;-20
100;30;20;10;180;80;40;50
-70;-10;0;-10;40;20;-30;110
-20;-20;-20;-70;50;100;0;10
370;10;0;30;350;180;-20;-30
-100;-30;-60;-60;140;150;10;0
-200;0;-20;10;-90;10;30;-60
-250;-50;-30;-30;90;90;-40;0
100;20;-40;-100;80;150;-20;0
280;20;10;-60;-380;-230;-40;30
-190;-20;-10;10;330;230;-10;-120
60;-10;-10;30;230;200;-10;20
-320;-40;20;-10;320;160;0;-80
200;30;-20;-20;-120;-220;-30;70
-130;-20;-30;-10;50;60;0;-100
240;20;20;60;420;410;100;180
-270;-80;-20;-10;80;60;-20;-50
-30;-10;-30;-60;-70;20;40;50
-310;-40;-10;-20;-30;-150;20;50
-30;-20;40;130;190;230;-30;-140
-180;-70;-20;-20;-50;30;0;-30
-130;20;-40;-10;-270;-50;-20;-80
120;30;10;-20;-260;-140;10;80
-40;-50;-50;-40;-170;120;-20;-90
-280;-50;20;70;-50;-140;-10;-110
-190;-50;-50;30;570;360;30;-20
-150;-70;0;-40;40;-120;-10;20
790;60;-40;-90;-280;-70;20;160
-100;0;0;-20;-90;110;20;100
-70;-30;80;60;-420;-360;-60;-80
180;80;0;-20;50;-80;-50;-30
-10;0;-10;0;-100;-60;-60;-60
-10;-40;-40;-30;10;-100;0;10
10;30;50;80;-300;-430;20;160
40;0;-20;-20;-20;-130;-40;-30
-60;-50;-50;20;630;520;20;-120
-140;0;0;-10;540;-160;0;-10
20;10;20;10;-140;-20;0;-30
20;-50;-20;-20;-310;-220;-10;-10
170;60;10;-50;-120;-100;10;40
10;50;30;-10;-270;-310;-40;60
-190;-80;-40;-30;240;180;-70;-180
-40;0;10;30;250;90;50;-10
0;10;-10;10;-90;-110;-20;80
420;50;0;-30;-70;90;40;200
-180;-20;-20;-50;-10;-170;10;20
-250;-20;-20;-20;40;-160;-50;-90
30;10;-10;-40;-130;-70;-40;-60
50;-10;-40;-100;190;520;40;-90
440;50;0;10;-70;140;-10;0
-140;10;50;20;10;-420;-60;-60
-120;-60;-20;-30;-60;100;-50;-140
-10;0;-20;0;300;70;0;10
-50;30;-10;10;-20;-20;-20;-50
-200;-40;0;0;-170;-140;-10;-50
-160;-30;-30;0;-100;-60;-20;-60
-90;-10;10;-10;-250;80;10;90
-80;-20;0;20;-20;50;10;10
70;20;-30;-20;400;140;10;30
70;30;40;130;720;110;40;30
30;-50;-50;-110;-290;-110;-30;50
-60;-20;0;-10;-60;30;-20;-160
-210;0;0;20;350;110;-20;-40
120;-10;-20;10;290;280;0;10
90;20;10;-60;-10;-210;-20;50
210;0;30;40;30;-260;50;160
-50;-10;-20;0;110;-50;-60;-120
110;50;40;30;60;-220;-30;-10
110;-50;-60;-110;-30;270;-30;10
-80;-50;-20;10;270;250;0;50
-80;20;10;-40;-190;30;10;-40
-100;-30;-40;20;450;410;-10;-40
-130;0;10;10;60;-60;0;0
80;-20;-10;-50;-230;-40;-30;-70
-40;-40;-60;-70;200;240;-10;-20
60;-20;-30;-30;320;230;10;40
120;-10;10;90;-30;-110;-10;0
10;-60;-100;-140;-350;80;-20;10
440;90;60;30;-450;-520;-10;80
-210;-20;40;100;70;-210;10;50
-130;-30;-20;20;490;240;20;-40
-50;-10;0;0;-90;-20;-20;40
-130;-40;-60;-110;-230;-120;-30;-80
-180;-20;-20;10;-110;170;-20;-30
100;60;80;80;-310;-250;10;160
-160;-40;-40;-60;-60;50;-30;-130
-20;0;0;40;220;-30;-10;10
-280;-60;-40;-20;-80;-70;-20;-120
220;0;-20;-30;90;-100;-30;20
-270;-70;-10;-30;170;130;-20;-40
-60;0;-40;-20;130;20;-60;-70
-80;30;60;40;-880;-600;-10;70
70;50;10;20;-40;-180;10;100
0;-40;-20;-20;160;230;-30;-50
-110;-50;30;20;-30;-160;-30;20
-120;-20;30;20;-20;-30;0;-20
-70;-30;-20;-40;-190;120;-20;-30
-90;0;-30;0;130;-10;0;-100
60;30;-10;50;200;260;0;-40
-30;20;-10;-70;-30;-40;-50;-100
20;10;0;-50;-530;-380;-40;-100
40;60;100;40;-690;-540;-40;10
30;-20;-40;-10;150;280;-20;40
-230;-10;-20;-10;400;180;20;-70
-170;-40;-20;-10;370;310;10;-30
10;20;10;0;-10;50;0;-100
530;60;0;-10;220;170;10;40
-40;-10;-10;10;30;-10;40;70
-10;-30;10;20;-110;-90;0;-110
-10;90;40;50;-90;-80;10;-20
-200;-110;-60;-30;340;440;50;-20
-30;-40;-40;-50;-210;-70;-10;-70
40;-50;-50;-70;10;-20;-30;-30
-60;10;20;20;-330;-290;10;10
180;-10;-50;-30;40;390;20;40
-30;-20;-30;20;450;-20;0;60
-30;-40;-40;-70;40;50;30;290
20;0;-10;-20;-140;-120;-10;0
-80;-30;-10;-10;260;60;0;-80
-110;-20;10;-50;-260;0;-10;20
-40;20;-10;-20;-10;30;-10;0
60;-40;-50;-20;-160;-60;-10;60
260;10;-20;-20;90;120;0;20
-10;0;0;10;140;-30;-20;-40
-100;-50;0;-40;0;70;-20;-60
-30;-10;-10;-10;-220;-330;-20;50
-20;30;-10;-90;-170;-290;30;60
-100;-40;-60;-40;80;420;0;40
0;-40;-10;50;30;40;-40;-270
-270;-40;0;-10;-70;-40;-40;-100
60;-10;-10;20;40;160;-10;-20
-200;-20;0;40;330;10;10;0
-20;0;10;20;-80;-60;-20;30
100;0;-20;-10;140;0;0;-70
0;0;0;0;290;20;30;180
10;20;-10;20;-60;-70;0;-20
160;30;10;10;240;220;-20;-20
-90;20;40;10;60;-110;-30;50
-70;-60;0;-50;-120;-50;0;80
-140;-20;10;50;80;-70;-30;0
-150;-70;-40;-60;-30;120;-20;-20
20;30;50;60;-10;-180;-30;50
60;-50;-10;-10;230;140;-10;-10
-140;20;-10;-40;-300;-290;-50;-10
-60;-40;-30;-20;180;50;-20;50
80;20;0;40;-90;-330;10;40
-160;0;10;0;-30;-200;-40;-40
-50;20;60;110;0;-190;-30;-20
-20;-30;-20;-30;-300;50;0;0
-10;-30;-20;-40;-70;-50;0;-10
110;10;10;10;-120;-70;-30;20
-50;-50;0;-70;-730;-340;-30;-130
-210;-10;20;40;120;-60;-10;-30
-20;20;0;30;50;-100;-10;-20
350;20;0;30;250;340;10;60
-150;-10;-40;-10;100;160;-20;-30
-10;-30;-10;-20;-240;-100;-40;-60
60;10;0;70;360;360;30;20
-70;20;10;-20;-170;0;-10;-40
-40;-30;0;-10;50;50;30;70
40;0;-20;-40;-20;-90;-10;-40
310;80;30;-10;-520;-440;-10;140
120;20;40;40;-70;-330;-30;170
-110;-10;-10;-30;-190;-70;-40;0
-70;-30;-20;-20;70;140;0;10
30;-10;-20;-40;-190;-60;20;10
-150;-50;-40;-80;170;160;-20;-70
-320;-80;-20;-30;-110;80;-10;-130
-240;10;30;50;170;240;-10;-140
-110;20;10;50;70;-40;10;40
-150;-20;-30;-10;-310;-80;-30;10
-190;20;-10;-40;30;0;30;0
-310;-40;40;40;-30;0;0;-60
-70;-50;-10;20;210;-140;-40;-100
240;30;0;20;170;-50;20;0
240;0;-30;-30;220;290;0;40
-60;-40;-20;0;-50;70;-20;-70
-120;0;-20;-50;-120;-410;-20;-20
-170;-20;-20;-60;-340;-200;-60;-10
610;30;10;0;200;120;10;60
-100;-20;-20;-50;-300;40;0;-70
-180;0;30;20;80;-230;-20;-70
-110;-60;-50;-60;560;220;-10;-140
-180;-40;10;30;-370;-20;0;20
130;-50;20;30;200;60;30;40
-100;-10;-40;-60;-230;-60;-30;10
150;10;-10;-20;-110;60;-20;40
20;-50;-60;-100;140;220;10;60
-70;20;-30;-40;40;20;-60;-120
-390;-10;20;70;710;140;20;-210
20;0;-20;-30;-250;50;-20;-30
-30;-10;0;30;-70;0;10;-30
170;30;-10;10;200;50;-20;100
130;0;-20;-60;-40;100;10;40
-190;-50;-30;-50;20;110;10;0
-120;-20;-10;-40;70;230;0;-20
-30;0;-40;-50;80;120;0;20
-80;-10;-10;-10;300;-60;-10;-20
-10;10;0;10;20;30;-10;10
-40;-20;20;-10;-100;-240;40;90
70;30;0;-10;-440;-470;-20;-20
-150;20;30;-10;30;-90;-20;-220
30;40;-30;-10;430;180;-20;-120
130;-30;-20;-30;-30;50;-10;-60
-100;0;20;0;-410;-440;-40;40
20;0;-20;-50;-310;-290;-20;30
40;40;10;-10;120;140;-40;-90
-10;10;20;10;60;-30;-10;-20
-80;-20;-20;-20;-20;100;10;-30
-90;0;0;50;140;70;20;-10
70;10;20;40;-180;0;10;40
-190;-160;-50;-90;-20;250;-10;-80
0;70;50;40;-380;-180;10;30
-90;-10;-20;-10;-90;110;-10;-70
-40;10;0;-20;-160;-250;-10;0
-210;-20;-10;30;90;0;-40;-90
60;0;-10;-90;-290;-100;-20;70
-70;-20;0;50;130;-100;-20;30
10;-30;20;120;200;200;10;0
-250;-20;-30;-30;-240;40;0;-30
20;-10;0;30;290;-30;10;70
0;60;0;0;-80;30;0;-110
-70;-20;10;50;360;150;40;50
190;10;20;40;60;-40;20;100
20;0;-30;-30;-430;-140;-60;-20
-330;-90;-30;-10;-60;30;-10;-90
70;0;-10;-20;-200;-20;10;-100
-140;-60;-70;-100;-50;100;-10;-50
-150;-40;-20;-20;-90;-60;-50;-30
-80;-10;-20;40;370;310;20;10
-20;20;20;100;-170;-330;-10;60
-240;-40;-10;-50;-130;-20;0;-60
-140;-10;-10;0;160;10;30;-30
40;-30;-30;-40;-20;-10;-20;0
-10;-10;-30;-30;10;10;-20;10
280;0;-60;-30;170;110;-10;40
-30;20;-20;-60;-300;60;0;30
-110;-30;0;40;110;-150;0;-140
-20;20;20;40;-10;0;-20;-20
480;10;-40;-40;-40;-40;20;70
390;60;0;0;180;-10;-20;50
-140;-10;20;10;-110;120;30;70
380;40;40;140;-20;-340;40;260
-140;-10;-20;-20;-80;130;0;-90
-60;-20;-10;40;90;-50;-40;-80
340;0;10;10;10;0;10;80
-220;-60;-50;-80;-170;160;-30;-200
0;10;-20;-20;-110;-120;-20;-90
-40;-40;10;-10;-520;-40;-10;-20
260;20;0;-10;200;-10;10;-40
-30;40;70;40;-260;-320;-30;-20
-160;-30;-80;-100;-240;-100;-40;-90
